2025-11-18 11:15:26,433 - __main__ - INFO - Starting database initialization...
2025-11-18 11:15:26,592 - __main__ - ERROR - Database initialization error: 'CMySQLConnection' object has no attribute 'select_db'
2025-11-18 11:42:50,041 - __main__ - INFO - Starting database initialization...
2025-11-18 11:42:50,860 - __main__ - INFO - Database initialization completed successfully
2025-11-18 11:43:48,203 - __main__ - INFO - Starting database initialization...
2025-11-18 11:43:48,261 - __main__ - INFO - Database initialization completed successfully
2025-11-18 11:58:25,926 - __main__ - INFO - Starting Water Pump Management System
2025-11-18 11:58:26,144 - __main__ - INFO - Initializing database...
2025-11-18 11:58:26,222 - __main__ - INFO - Database initialized successfully
2025-11-18 11:58:26,223 - __main__ - INFO - Creating main window...
2025-11-18 11:59:03,518 - database - INFO - Database connection established
2025-11-18 11:59:03,526 - database - INFO - Database connection established
2025-11-18 11:59:03,531 - database - INFO - Database connection closed
2025-11-18 11:59:03,575 - database - INFO - Database connection established
2025-11-18 11:59:03,576 - database - INFO - Database connection closed
2025-11-18 11:59:03,593 - database - INFO - Database connection established
2025-11-18 11:59:03,594 - database - INFO - Database connection closed
2025-11-18 11:59:11,509 - database - INFO - Database connection established
2025-11-18 11:59:11,510 - database - INFO - Database connection closed
2025-11-18 11:59:12,278 - database - INFO - Database connection established
2025-11-18 11:59:12,280 - database - INFO - Database connection closed
2025-11-18 11:59:14,818 - database - INFO - Database connection established
2025-11-18 11:59:14,820 - database - INFO - Database connection closed
2025-11-18 11:59:14,855 - database - INFO - Database connection established
2025-11-18 11:59:14,873 - database - INFO - Database connection closed
2025-11-18 11:59:14,884 - database - INFO - Database connection established
2025-11-18 11:59:14,890 - database - INFO - Database connection closed
2025-11-18 11:59:14,934 - database - INFO - Database connection established
2025-11-18 11:59:14,936 - database - ERROR - Query execution failed: 1146 (42S02): Table 'water_pump_db.reports' doesn't exist
2025-11-18 11:59:14,937 - database - INFO - Database connection closed
2025-11-18 11:59:16,367 - database - INFO - Database connection established
2025-11-18 11:59:16,368 - database - INFO - Database connection closed
2025-11-18 11:59:16,370 - database - INFO - Database connection established
2025-11-18 11:59:16,370 - database - INFO - Database connection closed
2025-11-18 11:59:16,452 - database - INFO - Database connection established
2025-11-18 11:59:16,455 - database - INFO - Database connection closed
2025-11-18 11:59:17,289 - database - INFO - Database connection established
2025-11-18 11:59:17,290 - database - INFO - Database connection closed
2025-11-18 11:59:22,278 - database - INFO - Database connection established
2025-11-18 11:59:22,279 - database - INFO - Database connection closed
2025-11-18 11:59:24,171 - __main__ - INFO - Application started successfully
2025-11-18 11:59:27,288 - database - INFO - Database connection established
2025-11-18 11:59:27,289 - database - INFO - Database connection closed
2025-11-18 11:59:32,284 - database - INFO - Database connection established
2025-11-18 11:59:32,286 - database - INFO - Database connection closed
2025-11-18 11:59:37,290 - database - INFO - Database connection established
2025-11-18 11:59:37,291 - database - INFO - Database connection closed
2025-11-18 11:59:42,297 - database - INFO - Database connection established
2025-11-18 11:59:42,298 - database - INFO - Database connection closed
2025-11-18 11:59:47,297 - database - INFO - Database connection established
2025-11-18 11:59:47,298 - database - INFO - Database connection closed
2025-11-18 12:00:17,297 - database - INFO - Database connection established
2025-11-18 12:00:17,298 - database - INFO - Database connection closed
2025-11-18 12:00:22,301 - database - INFO - Database connection established
2025-11-18 12:00:22,302 - database - INFO - Database connection closed
2025-11-18 12:00:27,290 - database - INFO - Database connection established
2025-11-18 12:00:27,292 - database - INFO - Database connection closed
2025-11-18 12:00:32,294 - database - INFO - Database connection established
2025-11-18 12:00:32,296 - database - INFO - Database connection closed
2025-11-18 12:00:37,300 - database - INFO - Database connection established
2025-11-18 12:00:37,302 - database - INFO - Database connection closed
2025-11-18 12:00:42,300 - database - INFO - Database connection established
2025-11-18 12:00:42,301 - database - INFO - Database connection closed
2025-11-18 12:00:47,298 - database - INFO - Database connection established
2025-11-18 12:00:47,300 - database - INFO - Database connection closed
2025-11-18 12:00:52,298 - database - INFO - Database connection established
2025-11-18 12:00:52,300 - database - INFO - Database connection closed
2025-11-18 12:00:57,303 - database - INFO - Database connection established
2025-11-18 12:00:57,304 - database - INFO - Database connection closed
2025-11-18 12:01:02,290 - database - INFO - Database connection established
2025-11-18 12:01:02,291 - database - INFO - Database connection closed
2025-11-18 12:01:07,291 - database - INFO - Database connection established
2025-11-18 12:01:07,293 - database - INFO - Database connection closed
2025-11-18 12:01:12,294 - database - INFO - Database connection established
2025-11-18 12:01:12,295 - database - INFO - Database connection closed
2025-11-18 12:01:17,292 - database - INFO - Database connection established
2025-11-18 12:01:17,293 - database - INFO - Database connection closed
2025-11-18 12:01:21,898 - database - INFO - Database connection established
2025-11-18 12:01:21,904 - database - INFO - Database connection closed
2025-11-18 12:01:22,296 - database - INFO - Database connection established
2025-11-18 12:01:22,298 - database - INFO - Database connection closed
2025-11-18 12:01:27,303 - database - INFO - Database connection established
2025-11-18 12:01:27,304 - database - INFO - Database connection closed
2025-11-18 12:01:28,769 - database - INFO - Database connection established
2025-11-18 12:13:13,642 - __main__ - INFO - Starting Water Pump Management System
2025-11-18 12:13:13,680 - __main__ - INFO - Initializing database...
2025-11-18 12:13:13,726 - __main__ - INFO - Database initialized successfully
2025-11-18 12:13:13,726 - __main__ - INFO - Creating main window...
2025-11-18 12:14:11,714 - database - INFO - Database connection established
2025-11-18 12:14:11,722 - database - INFO - Database connection established
2025-11-18 12:14:11,727 - database - INFO - Database connection closed
2025-11-18 12:14:11,733 - database - INFO - Database connection established
2025-11-18 12:14:11,734 - database - INFO - Database connection closed
2025-11-18 12:14:11,742 - database - INFO - Database connection established
2025-11-18 12:14:11,743 - database - INFO - Database connection closed
2025-11-18 12:14:15,874 - database - INFO - Database connection established
2025-11-18 12:14:15,875 - database - INFO - Database connection closed
2025-11-18 12:14:18,204 - database - INFO - Database connection established
2025-11-18 12:14:18,205 - database - INFO - Database connection closed
2025-11-18 12:14:19,293 - database - INFO - Database connection established
2025-11-18 12:14:19,296 - database - INFO - Database connection closed
2025-11-18 12:14:19,316 - database - INFO - Database connection established
2025-11-18 12:14:19,317 - database - INFO - Database connection closed
2025-11-18 12:14:19,321 - database - INFO - Database connection established
2025-11-18 12:14:19,322 - database - INFO - Database connection closed
2025-11-18 12:14:19,355 - database - INFO - Database connection established
2025-11-18 12:14:19,356 - database - INFO - Database connection closed
2025-11-18 12:14:19,386 - database - INFO - Database connection established
2025-11-18 12:14:19,387 - database - INFO - Database connection closed
2025-11-18 12:14:19,389 - database - INFO - Database connection established
2025-11-18 12:14:19,390 - database - INFO - Database connection closed
2025-11-18 12:14:19,452 - database - INFO - Database connection established
2025-11-18 12:14:19,455 - database - INFO - Database connection closed
2025-11-18 12:14:21,431 - __main__ - INFO - Application started successfully
2025-11-18 12:14:23,208 - database - INFO - Database connection established
2025-11-18 12:14:23,209 - database - INFO - Database connection closed
2025-11-18 12:14:28,204 - database - INFO - Database connection established
2025-11-18 12:14:28,205 - database - INFO - Database connection closed
2025-11-18 12:14:33,027 - database - INFO - Database connection established
2025-11-18 12:14:33,034 - database - INFO - Database connection closed
2025-11-18 12:43:53,196 - __main__ - INFO - Starting Water Pump Management System
2025-11-18 12:43:53,235 - __main__ - INFO - Initializing database...
2025-11-18 12:43:53,327 - __main__ - INFO - Database initialized successfully
2025-11-18 12:43:53,327 - __main__ - INFO - Creating main window...
2025-11-18 12:44:04,098 - database - INFO - Database connection established
2025-11-18 12:44:04,403 - database - INFO - Database connection established
2025-11-18 12:44:04,445 - database - INFO - Database connection closed
2025-11-18 12:44:04,457 - database - INFO - Database connection established
2025-11-18 12:44:04,458 - database - INFO - Database connection closed
2025-11-18 12:44:04,471 - database - INFO - Database connection established
2025-11-18 12:44:04,473 - database - INFO - Database connection closed
2025-11-18 12:44:32,616 - database - INFO - Database connection established
2025-11-18 12:44:32,617 - database - INFO - Database connection closed
2025-11-18 12:44:32,709 - database - INFO - Database connection established
2025-11-18 12:44:32,711 - database - INFO - Database connection closed
2025-11-18 12:44:34,497 - database - INFO - Database connection established
2025-11-18 12:44:34,498 - database - INFO - Database connection closed
2025-11-18 12:44:34,846 - database - INFO - Database connection established
2025-11-18 12:44:34,848 - database - INFO - Database connection closed
2025-11-18 12:44:34,868 - database - INFO - Database connection established
2025-11-18 12:44:34,870 - database - INFO - Database connection closed
2025-11-18 12:44:34,875 - database - INFO - Database connection established
2025-11-18 12:44:34,876 - database - INFO - Database connection closed
2025-11-18 12:44:34,909 - database - INFO - Database connection established
2025-11-18 12:44:34,909 - database - INFO - Database connection closed
2025-11-18 12:44:34,938 - database - INFO - Database connection established
2025-11-18 12:44:34,939 - database - INFO - Database connection closed
2025-11-18 12:44:34,941 - database - INFO - Database connection established
2025-11-18 12:44:34,942 - database - INFO - Database connection closed
2025-11-18 12:44:35,008 - database - INFO - Database connection established
2025-11-18 12:44:35,011 - database - INFO - Database connection closed
2025-11-18 12:44:37,447 - __main__ - INFO - Application started successfully
2025-11-18 12:44:39,493 - database - INFO - Database connection established
2025-11-18 12:44:39,494 - database - INFO - Database connection closed
2025-11-18 12:44:44,503 - database - INFO - Database connection established
2025-11-18 12:44:44,504 - database - INFO - Database connection closed
2025-11-18 12:44:49,501 - database - INFO - Database connection established
2025-11-18 12:44:49,503 - database - INFO - Database connection closed
2025-11-18 12:44:54,498 - database - INFO - Database connection established
2025-11-18 12:44:54,499 - database - INFO - Database connection closed
2025-11-18 12:44:57,187 - database - INFO - Database connection established
2025-11-18 12:44:57,206 - database - INFO - Database connection closed
2025-11-18 12:44:57,208 - database - INFO - Database connection established
2025-11-18 12:44:57,212 - database - INFO - Database connection closed
2025-11-18 12:44:59,378 - database - INFO - Database connection established
2025-11-18 12:44:59,380 - database - INFO - Database connection closed
2025-11-18 12:44:59,494 - database - INFO - Database connection established
2025-11-18 12:44:59,496 - database - INFO - Database connection closed
2025-11-18 12:45:04,504 - database - INFO - Database connection established
2025-11-18 12:45:04,506 - database - INFO - Database connection closed
2025-11-18 12:45:09,498 - database - INFO - Database connection established
2025-11-18 12:45:09,499 - database - INFO - Database connection closed
2025-11-18 12:45:14,494 - database - INFO - Database connection established
2025-11-18 12:45:14,495 - database - INFO - Database connection closed
2025-11-18 12:45:19,496 - database - INFO - Database connection established
2025-11-18 12:45:19,497 - database - INFO - Database connection closed
2025-11-18 12:45:25,739 - database - INFO - Database connection established
2025-11-18 12:45:25,741 - database - INFO - Database connection closed
2025-11-18 12:45:29,505 - database - INFO - Database connection established
2025-11-18 12:45:29,507 - database - INFO - Database connection closed
2025-11-18 12:45:34,496 - database - INFO - Database connection established
2025-11-18 12:45:34,498 - database - INFO - Database connection closed
2025-11-18 12:45:39,499 - database - INFO - Database connection established
2025-11-18 12:45:39,500 - database - INFO - Database connection closed
2025-11-18 12:45:44,495 - database - INFO - Database connection established
2025-11-18 12:45:44,497 - database - INFO - Database connection closed
2025-11-18 12:45:49,496 - database - INFO - Database connection established
2025-11-18 12:45:49,497 - database - INFO - Database connection closed
2025-11-18 12:45:54,508 - database - INFO - Database connection established
2025-11-18 12:45:54,509 - database - INFO - Database connection closed
2025-11-18 12:45:59,495 - database - INFO - Database connection established
2025-11-18 12:45:59,496 - database - INFO - Database connection closed
2025-11-18 12:46:04,499 - database - INFO - Database connection established
2025-11-18 12:46:04,501 - database - INFO - Database connection closed
2025-11-18 12:46:09,505 - database - INFO - Database connection established
2025-11-18 12:46:09,507 - database - INFO - Database connection closed
2025-11-18 12:46:15,273 - database - INFO - Database connection established
2025-11-18 12:46:15,274 - database - INFO - Database connection closed
2025-11-18 12:46:17,310 - database - INFO - Database connection established
2025-11-18 12:46:19,822 - database - INFO - Database connection established
2025-11-18 12:46:19,825 - database - INFO - Database connection closed
2025-11-18 12:46:21,655 - database - INFO - Database connection established
2025-11-18 12:46:21,656 - database - INFO - Database connection closed
2025-11-18 12:46:21,660 - database - INFO - Database connection established
2025-11-18 12:46:21,661 - database - INFO - Database connection closed
2025-11-18 12:46:21,663 - database - INFO - Database connection established
2025-11-18 12:46:21,664 - database - INFO - Database connection closed
2025-11-18 12:46:23,571 - database - INFO - Database connection established
2025-11-18 12:46:23,573 - database - INFO - Database connection closed
2025-11-18 12:46:23,578 - database - INFO - Database connection established
2025-11-18 12:46:23,579 - database - INFO - Database connection closed
2025-11-18 12:46:24,436 - database - INFO - Database connection established
2025-11-18 12:46:24,437 - database - INFO - Database connection closed
2025-11-18 12:46:24,441 - database - INFO - Database connection established
2025-11-18 12:46:24,442 - database - INFO - Database connection closed
2025-11-18 12:46:24,497 - database - INFO - Database connection established
2025-11-18 12:46:24,499 - database - INFO - Database connection closed
2025-11-18 12:46:27,803 - database - INFO - Database connection established
2025-11-18 12:46:27,805 - database - INFO - Database connection closed
2025-11-18 12:46:27,808 - database - INFO - Database connection established
2025-11-18 12:46:27,809 - database - INFO - Database connection closed
2025-11-18 12:46:29,503 - database - INFO - Database connection established
2025-11-18 12:46:29,505 - database - INFO - Database connection closed
2025-11-18 12:46:34,496 - database - INFO - Database connection established
2025-11-18 12:46:34,497 - database - INFO - Database connection closed
2025-11-18 12:46:39,493 - database - INFO - Database connection established
2025-11-18 12:46:39,495 - database - INFO - Database connection closed
2025-11-18 12:46:43,911 - database - INFO - Database connection established
2025-11-18 12:46:44,506 - database - INFO - Database connection established
2025-11-18 12:46:44,508 - database - INFO - Database connection closed
2025-11-18 12:46:45,727 - database - INFO - Database connection established
2025-11-18 12:46:45,728 - database - INFO - Database connection closed
2025-11-18 12:46:45,732 - database - INFO - Database connection established
2025-11-18 12:46:45,734 - database - INFO - Database connection closed
2025-11-18 12:46:49,500 - database - INFO - Database connection established
2025-11-18 12:46:49,502 - database - INFO - Database connection closed
2025-11-18 12:46:54,508 - database - INFO - Database connection established
2025-11-18 12:46:54,510 - database - INFO - Database connection closed
2025-11-18 12:46:59,522 - database - INFO - Database connection established
2025-11-18 12:46:59,524 - database - INFO - Database connection closed
2025-11-18 12:47:04,515 - database - INFO - Database connection established
2025-11-18 12:47:04,517 - database - INFO - Database connection closed
2025-11-18 12:47:09,509 - database - INFO - Database connection established
2025-11-18 12:47:09,511 - database - INFO - Database connection closed
2025-11-18 12:47:14,514 - database - INFO - Database connection established
2025-11-18 12:47:14,515 - database - INFO - Database connection closed
2025-11-18 12:47:19,178 - database - INFO - Database connection established
2025-11-18 12:47:19,179 - database - INFO - Database connection closed
2025-11-18 12:47:19,522 - database - INFO - Database connection established
2025-11-18 12:47:19,524 - database - INFO - Database connection closed
2025-11-18 12:47:24,520 - database - INFO - Database connection established
2025-11-18 12:47:24,521 - database - INFO - Database connection closed
2025-11-18 12:47:29,520 - database - INFO - Database connection established
2025-11-18 12:47:29,521 - database - INFO - Database connection closed
2025-11-18 12:47:34,509 - database - INFO - Database connection established
2025-11-18 12:47:34,511 - database - INFO - Database connection closed
2025-11-18 12:47:39,517 - database - INFO - Database connection established
2025-11-18 12:47:39,518 - database - INFO - Database connection closed
2025-11-18 12:47:40,808 - database - INFO - Database connection established
2025-11-18 12:47:44,510 - database - INFO - Database connection established
2025-11-18 12:47:44,512 - database - INFO - Database connection closed
2025-11-18 12:47:47,731 - database - INFO - Database connection established
2025-11-18 12:47:49,516 - database - INFO - Database connection established
2025-11-18 12:47:49,518 - database - INFO - Database connection closed
2025-11-18 12:47:54,512 - database - INFO - Database connection established
2025-11-18 12:47:54,513 - database - INFO - Database connection closed
2025-11-18 12:47:59,509 - database - INFO - Database connection established
2025-11-18 12:47:59,511 - database - INFO - Database connection closed
2025-11-18 12:48:04,519 - database - INFO - Database connection established
2025-11-18 12:48:04,521 - database - INFO - Database connection closed
2025-11-18 12:48:09,516 - database - INFO - Database connection established
2025-11-18 12:48:09,518 - database - INFO - Database connection closed
2025-11-18 12:48:14,520 - database - INFO - Database connection established
2025-11-18 12:48:14,522 - database - INFO - Database connection closed
2025-11-18 12:48:19,520 - database - INFO - Database connection established
2025-11-18 12:48:19,521 - database - INFO - Database connection closed
2025-11-18 12:48:24,516 - database - INFO - Database connection established
2025-11-18 12:48:24,517 - database - INFO - Database connection closed
2025-11-18 12:48:29,511 - database - INFO - Database connection established
2025-11-18 12:48:29,513 - database - INFO - Database connection closed
2025-11-18 12:48:31,111 - database - INFO - Database connection established
2025-11-18 12:48:37,432 - database - INFO - Database connection established
2025-11-18 12:48:37,435 - database - INFO - Database connection closed
2025-11-18 12:48:39,510 - database - INFO - Database connection established
2025-11-18 12:48:39,512 - database - INFO - Database connection closed
2025-11-18 12:48:44,516 - database - INFO - Database connection established
2025-11-18 12:48:44,517 - database - INFO - Database connection closed
2025-11-18 12:48:56,753 - database - INFO - Database connection established
2025-11-18 12:48:56,754 - database - INFO - Database connection closed
2025-11-18 12:48:59,518 - database - INFO - Database connection established
2025-11-18 12:48:59,520 - database - INFO - Database connection closed
2025-11-18 12:49:05,166 - database - INFO - Database connection established
2025-11-18 12:49:05,168 - database - INFO - Database connection closed
2025-11-18 12:49:09,511 - database - INFO - Database connection established
2025-11-18 12:49:09,513 - database - INFO - Database connection closed
2025-11-18 12:49:14,611 - database - INFO - Database connection established
2025-11-18 12:49:14,613 - database - INFO - Database connection closed
2025-11-18 12:49:19,512 - database - INFO - Database connection established
2025-11-18 12:49:19,513 - database - INFO - Database connection closed
2025-11-18 12:49:24,509 - database - INFO - Database connection established
2025-11-18 12:49:24,511 - database - INFO - Database connection closed
2025-11-18 12:49:29,485 - database - INFO - Database connection established
2025-11-18 12:49:29,486 - database - INFO - Database connection closed
2025-11-18 12:49:29,514 - database - INFO - Database connection established
2025-11-18 12:49:29,516 - database - INFO - Database connection closed
2025-11-18 12:49:34,513 - database - INFO - Database connection established
2025-11-18 12:49:34,514 - database - INFO - Database connection closed
2025-11-18 12:49:39,513 - database - INFO - Database connection established
2025-11-18 12:49:39,515 - database - INFO - Database connection closed
2025-11-18 12:49:44,513 - database - INFO - Database connection established
2025-11-18 12:49:44,515 - database - INFO - Database connection closed
2025-11-18 12:49:46,572 - database - INFO - Database connection established
2025-11-18 12:49:46,574 - database - INFO - Database connection closed
2025-11-18 12:49:48,822 - database - INFO - Database connection established
2025-11-18 12:49:48,823 - database - INFO - Database connection closed
2025-11-18 12:49:49,192 - database - INFO - Database connection established
2025-11-18 12:49:49,193 - database - INFO - Database connection closed
2025-11-18 12:49:49,293 - database - INFO - Database connection established
2025-11-18 12:49:49,295 - database - INFO - Database connection closed
2025-11-18 12:49:49,511 - database - INFO - Database connection established
2025-11-18 12:49:49,512 - database - INFO - Database connection closed
2025-11-18 12:49:54,522 - database - INFO - Database connection established
2025-11-18 12:49:54,523 - database - INFO - Database connection closed
2025-11-18 12:49:59,521 - database - INFO - Database connection established
2025-11-18 12:49:59,522 - database - INFO - Database connection closed
2025-11-18 12:50:04,520 - database - INFO - Database connection established
2025-11-18 12:50:04,521 - database - INFO - Database connection closed
2025-11-18 12:50:04,727 - database - INFO - Database connection established
2025-11-18 12:50:04,730 - database - INFO - Database connection closed
2025-11-18 12:50:09,513 - database - INFO - Database connection established
2025-11-18 12:50:09,515 - database - INFO - Database connection closed
2025-11-18 12:50:14,515 - database - INFO - Database connection established
2025-11-18 12:50:14,517 - database - INFO - Database connection closed
2025-11-18 12:50:19,509 - database - INFO - Database connection established
2025-11-18 12:50:19,511 - database - INFO - Database connection closed
2025-11-18 12:50:24,509 - database - INFO - Database connection established
2025-11-18 12:50:24,511 - database - INFO - Database connection closed
2025-11-18 12:50:29,511 - database - INFO - Database connection established
2025-11-18 12:50:29,513 - database - INFO - Database connection closed
2025-11-18 12:50:34,521 - database - INFO - Database connection established
2025-11-18 12:50:34,522 - database - INFO - Database connection closed
2025-11-18 12:50:39,509 - database - INFO - Database connection established
2025-11-18 12:50:39,511 - database - INFO - Database connection closed
2025-11-18 12:50:44,515 - database - INFO - Database connection established
2025-11-18 12:50:44,516 - database - INFO - Database connection closed
2025-11-18 12:50:49,519 - database - INFO - Database connection established
2025-11-18 12:50:49,521 - database - INFO - Database connection closed
2025-11-18 12:50:54,514 - database - INFO - Database connection established
2025-11-18 12:50:54,516 - database - INFO - Database connection closed
2025-11-18 12:50:59,519 - database - INFO - Database connection established
2025-11-18 12:50:59,520 - database - INFO - Database connection closed
2025-11-18 12:51:04,528 - database - INFO - Database connection established
2025-11-18 12:51:04,530 - database - INFO - Database connection closed
2025-11-18 12:51:06,532 - database - INFO - Database connection established
2025-11-18 12:51:07,478 - database - INFO - Database connection closed
2025-11-18 12:51:12,411 - __main__ - INFO - Starting Water Pump Management System
2025-11-18 12:51:12,458 - __main__ - INFO - Initializing database...
2025-11-18 12:51:12,591 - __main__ - INFO - Database initialized successfully
2025-11-18 12:51:12,591 - __main__ - INFO - Creating main window...
2025-11-18 12:51:25,790 - database - INFO - Database connection established
2025-11-18 12:51:25,802 - database - INFO - Database connection established
2025-11-18 12:51:25,816 - database - INFO - Database connection closed
2025-11-18 12:51:25,824 - database - INFO - Database connection established
2025-11-18 12:51:25,824 - database - INFO - Database connection closed
2025-11-18 12:51:25,834 - database - INFO - Database connection established
2025-11-18 12:51:25,836 - database - INFO - Database connection closed
2025-11-18 12:51:34,786 - database - INFO - Database connection established
2025-11-18 12:51:34,787 - database - INFO - Database connection closed
2025-11-18 12:51:34,826 - database - INFO - Database connection established
2025-11-18 12:51:34,828 - database - INFO - Database connection closed
2025-11-18 12:51:35,840 - database - INFO - Database connection established
2025-11-18 12:51:35,842 - database - INFO - Database connection closed
2025-11-18 12:51:36,706 - database - INFO - Database connection established
2025-11-18 12:51:36,707 - database - INFO - Database connection closed
2025-11-18 12:51:36,727 - database - INFO - Database connection established
2025-11-18 12:51:36,728 - database - INFO - Database connection closed
2025-11-18 12:51:36,762 - database - INFO - Database connection established
2025-11-18 12:51:36,763 - database - INFO - Database connection closed
2025-11-18 12:51:37,529 - database - INFO - Database connection established
2025-11-18 12:51:37,530 - database - INFO - Database connection closed
2025-11-18 12:51:37,532 - database - INFO - Database connection established
2025-11-18 12:51:37,533 - database - INFO - Database connection closed
2025-11-18 12:51:37,594 - database - INFO - Database connection established
2025-11-18 12:51:37,597 - database - INFO - Database connection closed
2025-11-18 12:51:39,159 - __main__ - INFO - Application started successfully
2025-11-18 12:51:40,850 - database - INFO - Database connection established
2025-11-18 12:51:40,851 - database - INFO - Database connection closed
2025-11-18 12:51:45,838 - database - INFO - Database connection established
2025-11-18 12:51:45,840 - database - INFO - Database connection closed
2025-11-18 12:51:50,846 - database - INFO - Database connection established
2025-11-18 12:51:50,848 - database - INFO - Database connection closed
2025-11-18 12:51:55,838 - database - INFO - Database connection established
2025-11-18 12:51:55,840 - database - INFO - Database connection closed
2025-11-18 12:52:00,849 - database - INFO - Database connection established
2025-11-18 12:52:00,850 - database - INFO - Database connection closed
2025-11-18 12:52:05,849 - database - INFO - Database connection established
2025-11-18 12:52:05,850 - database - INFO - Database connection closed
2025-11-18 12:52:10,843 - database - INFO - Database connection established
2025-11-18 12:52:10,846 - database - INFO - Database connection closed
2025-11-18 12:52:15,848 - database - INFO - Database connection established
2025-11-18 12:52:15,849 - database - INFO - Database connection closed
2025-11-18 12:52:20,846 - database - INFO - Database connection established
2025-11-18 12:52:20,847 - database - INFO - Database connection closed
2025-11-18 12:52:25,851 - database - INFO - Database connection established
2025-11-18 12:52:25,852 - database - INFO - Database connection closed
2025-11-18 12:52:30,841 - database - INFO - Database connection established
2025-11-18 12:52:30,843 - database - INFO - Database connection closed
2025-11-18 12:52:35,838 - database - INFO - Database connection established
2025-11-18 12:52:35,839 - database - INFO - Database connection closed
2025-11-18 12:52:40,848 - database - INFO - Database connection established
2025-11-18 12:52:40,849 - database - INFO - Database connection closed
2025-11-18 12:52:45,843 - database - INFO - Database connection established
2025-11-18 12:52:45,845 - database - INFO - Database connection closed
2025-11-18 12:52:50,845 - database - INFO - Database connection established
2025-11-18 12:52:50,846 - database - INFO - Database connection closed
2025-11-18 12:52:55,846 - database - INFO - Database connection established
2025-11-18 12:52:55,848 - database - INFO - Database connection closed
2025-11-18 12:53:00,843 - database - INFO - Database connection established
2025-11-18 12:53:00,845 - database - INFO - Database connection closed
2025-11-18 12:53:05,848 - database - INFO - Database connection established
2025-11-18 12:53:05,849 - database - INFO - Database connection closed
2025-11-18 12:53:10,838 - database - INFO - Database connection established
2025-11-18 12:53:10,839 - database - INFO - Database connection closed
2025-11-18 12:53:15,839 - database - INFO - Database connection established
2025-11-18 12:53:15,840 - database - INFO - Database connection closed
2025-11-18 12:53:20,841 - database - INFO - Database connection established
2025-11-18 12:53:20,843 - database - INFO - Database connection closed
2025-11-18 12:53:25,848 - database - INFO - Database connection established
2025-11-18 12:53:25,849 - database - INFO - Database connection closed
2025-11-18 12:53:30,836 - database - INFO - Database connection established
2025-11-18 12:53:30,837 - database - INFO - Database connection closed
2025-11-18 12:53:35,846 - database - INFO - Database connection established
2025-11-18 12:53:35,847 - database - INFO - Database connection closed
2025-11-18 12:53:40,845 - database - INFO - Database connection established
2025-11-18 12:53:40,847 - database - INFO - Database connection closed
2025-11-18 12:53:45,840 - database - INFO - Database connection established
2025-11-18 12:53:45,841 - database - INFO - Database connection closed
2025-11-18 12:53:50,846 - database - INFO - Database connection established
2025-11-18 12:53:50,847 - database - INFO - Database connection closed
2025-11-18 12:53:51,201 - database - INFO - Database connection established
2025-11-18 12:53:51,202 - database - INFO - Database connection closed
2025-11-18 12:53:54,286 - database - INFO - Database connection established
2025-11-18 12:53:54,288 - database - INFO - Database connection closed
2025-11-18 12:53:55,035 - database - INFO - Database connection established
2025-11-18 12:53:55,036 - database - INFO - Database connection closed
2025-11-18 12:53:55,207 - database - INFO - Database connection established
2025-11-18 12:53:55,208 - database - INFO - Database connection closed
2025-11-18 12:53:55,338 - database - INFO - Database connection established
2025-11-18 12:53:55,340 - database - INFO - Database connection closed
2025-11-18 12:53:55,848 - database - INFO - Database connection established
2025-11-18 12:53:55,850 - database - INFO - Database connection closed
2025-11-18 12:54:00,839 - database - INFO - Database connection established
2025-11-18 12:54:00,841 - database - INFO - Database connection closed
2025-11-18 12:54:02,702 - database - INFO - Database connection established
2025-11-18 12:54:04,108 - database - INFO - Database connection closed
2025-11-18 12:55:52,388 - __main__ - INFO - Starting Water Pump Management System
2025-11-18 12:55:52,432 - __main__ - INFO - Initializing database...
2025-11-18 12:55:52,497 - __main__ - INFO - Database initialized successfully
2025-11-18 12:55:52,497 - __main__ - INFO - Creating main window...
2025-11-18 12:56:04,107 - database - INFO - Database connection established
2025-11-18 12:56:05,110 - database - INFO - Database connection established
2025-11-18 12:56:05,130 - database - INFO - Database connection closed
2025-11-18 12:56:05,139 - database - INFO - Database connection established
2025-11-18 12:56:05,140 - database - INFO - Database connection closed
2025-11-18 12:56:05,148 - database - INFO - Database connection established
2025-11-18 12:56:05,150 - database - INFO - Database connection closed
2025-11-18 12:56:11,732 - database - INFO - Database connection established
2025-11-18 12:56:11,733 - database - INFO - Database connection closed
2025-11-18 12:56:11,781 - database - INFO - Database connection established
2025-11-18 12:56:11,783 - database - INFO - Database connection closed
2025-11-18 12:56:15,150 - database - INFO - Database connection established
2025-11-18 12:56:15,151 - database - INFO - Database connection closed
2025-11-18 12:56:17,443 - database - INFO - Database connection established
2025-11-18 12:56:17,445 - database - INFO - Database connection closed
2025-11-18 12:56:17,464 - database - INFO - Database connection established
2025-11-18 12:56:17,466 - database - INFO - Database connection closed
2025-11-18 12:56:17,500 - database - INFO - Database connection established
2025-11-18 12:56:17,501 - database - INFO - Database connection closed
2025-11-18 12:56:20,164 - database - INFO - Database connection established
2025-11-18 12:56:20,166 - database - INFO - Database connection closed
2025-11-18 12:56:21,363 - database - INFO - Database connection established
2025-11-18 12:56:21,364 - database - INFO - Database connection closed
2025-11-18 12:56:21,366 - database - INFO - Database connection established
2025-11-18 12:56:21,367 - database - INFO - Database connection closed
2025-11-18 12:56:21,430 - database - INFO - Database connection established
2025-11-18 12:56:21,434 - database - INFO - Database connection closed
2025-11-18 12:56:22,840 - __main__ - INFO - Application started successfully
2025-11-18 12:56:25,149 - database - INFO - Database connection established
2025-11-18 12:56:25,150 - database - INFO - Database connection closed
2025-11-18 12:56:30,152 - database - INFO - Database connection established
2025-11-18 12:56:30,153 - database - INFO - Database connection closed
2025-11-18 12:56:35,152 - database - INFO - Database connection established
2025-11-18 12:56:35,154 - database - INFO - Database connection closed
2025-11-18 12:56:40,155 - database - INFO - Database connection established
2025-11-18 12:56:40,156 - database - INFO - Database connection closed
2025-11-18 12:56:45,156 - database - INFO - Database connection established
2025-11-18 12:56:45,157 - database - INFO - Database connection closed
2025-11-18 12:56:45,805 - database - INFO - Database connection established
2025-11-18 12:56:45,806 - database - INFO - Database connection closed
2025-11-18 12:56:48,747 - database - INFO - Database connection established
2025-11-18 12:56:48,748 - database - INFO - Database connection closed
2025-11-18 12:56:50,151 - database - INFO - Database connection established
2025-11-18 12:56:50,152 - database - INFO - Database connection closed
2025-11-18 12:56:55,153 - database - INFO - Database connection established
2025-11-18 12:56:55,154 - database - INFO - Database connection closed
2025-11-18 12:57:00,161 - database - INFO - Database connection established
2025-11-18 12:57:00,163 - database - INFO - Database connection closed
2025-11-18 12:57:05,158 - database - INFO - Database connection established
2025-11-18 12:57:05,160 - database - INFO - Database connection closed
2025-11-18 12:57:08,819 - database - INFO - Database connection established
2025-11-18 12:57:08,821 - database - INFO - Database connection closed
2025-11-18 12:57:10,157 - database - INFO - Database connection established
2025-11-18 12:57:10,159 - database - INFO - Database connection closed
2025-11-18 12:57:13,161 - database - INFO - Database connection established
2025-11-18 12:57:13,163 - database - INFO - Database connection closed
2025-11-18 12:57:14,078 - database - INFO - Database connection established
2025-11-18 12:57:15,222 - database - INFO - Database connection closed
2025-11-18 12:57:15,225 - database - INFO - Database connection established
2025-11-18 12:57:15,226 - database - INFO - Database connection closed
2025-11-18 12:57:18,138 - database - INFO - Database connection established
2025-11-18 12:57:18,140 - database - INFO - Database connection closed
2025-11-18 12:57:20,154 - database - INFO - Database connection established
2025-11-18 12:57:20,155 - database - INFO - Database connection closed
2025-11-18 12:57:25,153 - database - INFO - Database connection established
2025-11-18 12:57:25,154 - database - INFO - Database connection closed
2025-11-18 12:57:30,151 - database - INFO - Database connection established
2025-11-18 12:57:30,153 - database - INFO - Database connection closed
2025-11-18 12:57:35,164 - database - INFO - Database connection established
2025-11-18 12:57:35,165 - database - INFO - Database connection closed
2025-11-18 12:57:40,165 - database - INFO - Database connection established
2025-11-18 12:57:40,166 - database - INFO - Database connection closed
2025-11-18 12:57:46,132 - database - INFO - Database connection established
2025-11-18 12:57:46,133 - database - INFO - Database connection closed
2025-11-18 12:57:50,170 - database - INFO - Database connection established
2025-11-18 12:57:50,172 - database - INFO - Database connection closed
2025-11-18 12:57:55,174 - database - INFO - Database connection established
2025-11-18 12:57:55,176 - database - INFO - Database connection closed
2025-11-18 12:58:00,174 - database - INFO - Database connection established
2025-11-18 12:58:00,176 - database - INFO - Database connection closed
2025-11-18 12:58:05,181 - database - INFO - Database connection established
2025-11-18 12:58:05,182 - database - INFO - Database connection closed
2025-11-18 12:58:10,195 - database - INFO - Database connection established
2025-11-18 12:58:10,196 - database - INFO - Database connection closed
2025-11-18 12:58:15,182 - database - INFO - Database connection established
2025-11-18 12:58:15,184 - database - INFO - Database connection closed
2025-11-18 12:58:20,185 - database - INFO - Database connection established
2025-11-18 12:58:20,187 - database - INFO - Database connection closed
2025-11-18 12:58:25,181 - database - INFO - Database connection established
2025-11-18 12:58:25,182 - database - INFO - Database connection closed
2025-11-18 12:58:30,184 - database - INFO - Database connection established
2025-11-18 12:58:30,186 - database - INFO - Database connection closed
2025-11-18 12:58:30,871 - database - INFO - Database connection established
2025-11-18 12:58:32,242 - database - INFO - Database connection closed
2025-11-18 12:58:35,192 - database - INFO - Database connection established
2025-11-18 12:58:35,194 - database - INFO - Database connection closed
2025-11-18 12:58:40,185 - database - INFO - Database connection established
2025-11-18 12:58:40,186 - database - INFO - Database connection closed
2025-11-18 12:58:45,191 - database - INFO - Database connection established
2025-11-18 12:58:45,193 - database - INFO - Database connection closed
2025-11-18 12:58:50,185 - database - INFO - Database connection established
2025-11-18 12:58:50,187 - database - INFO - Database connection closed
2025-11-18 12:58:55,193 - database - INFO - Database connection established
2025-11-18 12:58:55,194 - database - INFO - Database connection closed
2025-11-18 12:59:00,189 - database - INFO - Database connection established
2025-11-18 12:59:00,190 - database - INFO - Database connection closed
2025-11-18 12:59:05,183 - database - INFO - Database connection established
2025-11-18 12:59:05,184 - database - INFO - Database connection closed
2025-11-18 12:59:06,445 - database - INFO - Database connection established
2025-11-18 12:59:06,446 - database - INFO - Database connection closed
2025-11-18 12:59:10,196 - database - INFO - Database connection established
2025-11-18 12:59:10,197 - database - INFO - Database connection closed
2025-11-18 12:59:15,195 - database - INFO - Database connection established
2025-11-18 12:59:15,196 - database - INFO - Database connection closed
2025-11-18 12:59:20,196 - database - INFO - Database connection established
2025-11-18 12:59:20,197 - database - INFO - Database connection closed
2025-11-18 12:59:25,205 - database - INFO - Database connection established
2025-11-18 12:59:25,207 - database - INFO - Database connection closed
2025-11-18 12:59:30,207 - database - INFO - Database connection established
2025-11-18 12:59:30,209 - database - INFO - Database connection closed
2025-11-18 12:59:35,208 - database - INFO - Database connection established
2025-11-18 12:59:35,209 - database - INFO - Database connection closed
2025-11-18 12:59:40,211 - database - INFO - Database connection established
2025-11-18 12:59:40,212 - database - INFO - Database connection closed
2025-11-18 12:59:45,212 - database - INFO - Database connection established
2025-11-18 12:59:45,213 - database - INFO - Database connection closed
2025-11-18 12:59:50,222 - database - INFO - Database connection established
2025-11-18 12:59:50,223 - database - INFO - Database connection closed
2025-11-18 12:59:52,965 - database - INFO - Database connection established
2025-11-18 12:59:52,967 - database - INFO - Database connection closed
2025-11-18 12:59:53,750 - database - INFO - Database connection established
2025-11-18 12:59:53,751 - database - INFO - Database connection closed
2025-11-18 12:59:53,857 - database - INFO - Database connection established
2025-11-18 12:59:53,858 - database - INFO - Database connection closed
2025-11-18 12:59:54,649 - database - INFO - Database connection established
2025-11-18 12:59:54,650 - database - INFO - Database connection closed
2025-11-18 12:59:55,219 - database - INFO - Database connection established
2025-11-18 12:59:55,220 - database - INFO - Database connection closed
2025-11-18 13:00:00,212 - database - INFO - Database connection established
2025-11-18 13:00:00,214 - database - INFO - Database connection closed
2025-11-18 13:00:05,221 - database - INFO - Database connection established
2025-11-18 13:00:05,222 - database - INFO - Database connection closed
2025-11-18 13:00:10,219 - database - INFO - Database connection established
2025-11-18 13:00:10,221 - database - INFO - Database connection closed
2025-11-18 13:00:15,214 - database - INFO - Database connection established
2025-11-18 13:00:15,216 - database - INFO - Database connection closed
2025-11-18 13:00:20,211 - database - INFO - Database connection established
2025-11-18 13:00:20,213 - database - INFO - Database connection closed
2025-11-18 13:00:25,221 - database - INFO - Database connection established
2025-11-18 13:00:25,222 - database - INFO - Database connection closed
2025-11-18 13:00:29,795 - database - INFO - Database connection established
2025-11-18 13:00:29,796 - database - INFO - Database connection closed
2025-11-18 13:00:30,217 - database - INFO - Database connection established
2025-11-18 13:00:30,219 - database - INFO - Database connection closed
2025-11-18 13:00:35,225 - database - INFO - Database connection established
2025-11-18 13:00:35,226 - database - INFO - Database connection closed
2025-11-18 13:00:40,227 - database - INFO - Database connection established
2025-11-18 13:00:40,229 - database - INFO - Database connection closed
2025-11-18 13:00:45,232 - database - INFO - Database connection established
2025-11-18 13:00:45,233 - database - INFO - Database connection closed
2025-11-18 13:00:50,229 - database - INFO - Database connection established
2025-11-18 13:00:50,231 - database - INFO - Database connection closed
2025-11-18 13:00:55,233 - database - INFO - Database connection established
2025-11-18 13:00:55,234 - database - INFO - Database connection closed
2025-11-18 13:01:00,230 - database - INFO - Database connection established
2025-11-18 13:01:00,231 - database - INFO - Database connection closed
2025-11-18 13:01:05,235 - database - INFO - Database connection established
2025-11-18 13:01:05,237 - database - INFO - Database connection closed
2025-11-18 13:01:10,234 - database - INFO - Database connection established
2025-11-18 13:01:10,235 - database - INFO - Database connection closed
2025-11-18 13:01:15,234 - database - INFO - Database connection established
2025-11-18 13:01:15,235 - database - INFO - Database connection closed
2025-11-18 13:01:20,229 - database - INFO - Database connection established
2025-11-18 13:01:20,230 - database - INFO - Database connection closed
2025-11-18 13:01:25,240 - database - INFO - Database connection established
2025-11-18 13:01:25,241 - database - INFO - Database connection closed
2025-11-18 13:01:30,241 - database - INFO - Database connection established
2025-11-18 13:01:30,242 - database - INFO - Database connection closed
2025-11-18 13:01:35,230 - database - INFO - Database connection established
2025-11-18 13:01:35,232 - database - INFO - Database connection closed
2025-11-18 13:01:40,237 - database - INFO - Database connection established
2025-11-18 13:01:40,238 - database - INFO - Database connection closed
2025-11-18 13:01:45,237 - database - INFO - Database connection established
2025-11-18 13:01:45,239 - database - INFO - Database connection closed
2025-11-18 13:01:50,241 - database - INFO - Database connection established
2025-11-18 13:01:50,242 - database - INFO - Database connection closed
2025-11-18 13:01:55,228 - database - INFO - Database connection established
2025-11-18 13:01:55,230 - database - INFO - Database connection closed
2025-11-18 13:02:00,232 - database - INFO - Database connection established
2025-11-18 13:02:00,234 - database - INFO - Database connection closed
2025-11-18 13:02:05,235 - database - INFO - Database connection established
2025-11-18 13:02:05,236 - database - INFO - Database connection closed
2025-11-18 13:02:10,239 - database - INFO - Database connection established
2025-11-18 13:02:10,240 - database - INFO - Database connection closed
2025-11-18 13:02:15,241 - database - INFO - Database connection established
2025-11-18 13:02:15,243 - database - INFO - Database connection closed
2025-11-18 13:02:20,231 - database - INFO - Database connection established
2025-11-18 13:02:20,232 - database - INFO - Database connection closed
2025-11-18 13:02:25,227 - database - INFO - Database connection established
2025-11-18 13:02:25,229 - database - INFO - Database connection closed
2025-11-18 13:02:30,232 - database - INFO - Database connection established
2025-11-18 13:02:30,234 - database - INFO - Database connection closed
2025-11-18 13:02:35,231 - database - INFO - Database connection established
2025-11-18 13:02:35,233 - database - INFO - Database connection closed
2025-11-18 13:02:36,397 - database - INFO - Database connection established
2025-11-18 13:02:36,913 - database - INFO - Database connection closed
2025-11-18 13:08:51,290 - __main__ - INFO - Starting Water Pump Management System
2025-11-18 13:08:51,329 - __main__ - INFO - Initializing database...
2025-11-18 13:08:51,451 - __main__ - INFO - Database initialized successfully
2025-11-18 13:08:51,451 - __main__ - INFO - Creating main window...
2025-11-18 13:09:01,711 - database - INFO - Database connection established
2025-11-18 13:09:01,717 - database - INFO - Database connection established
2025-11-18 13:09:01,722 - database - INFO - Database connection closed
2025-11-18 13:09:01,729 - database - INFO - Database connection established
2025-11-18 13:09:01,729 - database - INFO - Database connection closed
2025-11-18 13:09:01,737 - database - INFO - Database connection established
2025-11-18 13:09:01,739 - database - INFO - Database connection closed
2025-11-18 13:09:02,999 - database - INFO - Database connection established
2025-11-18 13:09:03,000 - database - INFO - Database connection closed
2025-11-18 13:09:05,162 - database - INFO - Database connection established
2025-11-18 13:09:05,164 - database - INFO - Database connection closed
2025-11-18 13:09:05,186 - database - INFO - Database connection established
2025-11-18 13:09:05,188 - database - INFO - Database connection closed
2025-11-18 13:09:05,222 - database - INFO - Database connection established
2025-11-18 13:09:05,223 - database - INFO - Database connection closed
2025-11-18 13:09:05,893 - database - INFO - Database connection established
2025-11-18 13:09:05,894 - database - INFO - Database connection closed
2025-11-18 13:09:05,896 - database - INFO - Database connection established
2025-11-18 13:09:05,898 - database - INFO - Database connection closed
2025-11-18 13:09:05,963 - database - INFO - Database connection established
2025-11-18 13:09:05,967 - database - INFO - Database connection closed
2025-11-18 13:09:06,750 - database - INFO - Database connection established
2025-11-18 13:09:06,751 - database - INFO - Database connection closed
2025-11-18 13:09:10,026 - __main__ - INFO - Application started successfully
2025-11-18 13:09:11,748 - database - INFO - Database connection established
2025-11-18 13:09:11,750 - database - INFO - Database connection closed
2025-11-18 13:09:16,752 - database - INFO - Database connection established
2025-11-18 13:09:16,754 - database - INFO - Database connection closed
2025-11-18 13:09:21,751 - database - INFO - Database connection established
2025-11-18 13:09:21,753 - database - INFO - Database connection closed
2025-11-18 13:09:23,149 - database - INFO - Database connection established
2025-11-18 13:09:23,151 - database - INFO - Database connection closed
2025-11-18 13:09:26,747 - database - INFO - Database connection established
2025-11-18 13:09:26,749 - database - INFO - Database connection closed
2025-11-18 13:09:31,744 - database - INFO - Database connection established
2025-11-18 13:09:31,746 - database - INFO - Database connection closed
2025-11-18 13:09:36,746 - database - INFO - Database connection established
2025-11-18 13:09:36,747 - database - INFO - Database connection closed
2025-11-18 13:09:41,755 - database - INFO - Database connection established
2025-11-18 13:09:41,756 - database - INFO - Database connection closed
2025-11-18 13:09:46,751 - database - INFO - Database connection established
2025-11-18 13:09:46,753 - database - INFO - Database connection closed
2025-11-18 13:09:51,758 - database - INFO - Database connection established
2025-11-18 13:09:51,760 - database - INFO - Database connection closed
2025-11-18 13:09:56,754 - database - INFO - Database connection established
2025-11-18 13:09:56,756 - database - INFO - Database connection closed
2025-11-18 13:10:01,743 - database - INFO - Database connection established
2025-11-18 13:10:01,745 - database - INFO - Database connection closed
2025-11-18 13:10:06,751 - database - INFO - Database connection established
2025-11-18 13:10:06,752 - database - INFO - Database connection closed
2025-11-18 13:10:11,758 - database - INFO - Database connection established
2025-11-18 13:10:11,759 - database - INFO - Database connection closed
2025-11-18 13:10:16,756 - database - INFO - Database connection established
2025-11-18 13:10:16,757 - database - INFO - Database connection closed
2025-11-18 13:10:21,754 - database - INFO - Database connection established
2025-11-18 13:10:21,756 - database - INFO - Database connection closed
2025-11-18 13:10:26,752 - database - INFO - Database connection established
2025-11-18 13:10:26,753 - database - INFO - Database connection closed
2025-11-18 13:10:31,749 - database - INFO - Database connection established
2025-11-18 13:10:31,751 - database - INFO - Database connection closed
2025-11-18 13:10:36,753 - database - INFO - Database connection established
2025-11-18 13:10:36,754 - database - INFO - Database connection closed
2025-11-18 13:10:41,751 - database - INFO - Database connection established
2025-11-18 13:10:41,752 - database - INFO - Database connection closed
2025-11-18 13:10:43,777 - database - INFO - Database connection established
2025-11-18 13:10:46,314 - database - INFO - Database connection established
2025-11-18 13:10:46,316 - database - INFO - Database connection closed
2025-11-18 13:10:46,320 - database - INFO - Database connection established
2025-11-18 13:10:46,321 - database - INFO - Database connection closed
2025-11-18 13:10:46,746 - database - INFO - Database connection established
2025-11-18 13:10:46,747 - database - INFO - Database connection closed
2025-11-18 13:10:51,752 - database - INFO - Database connection established
2025-11-18 13:10:51,754 - database - INFO - Database connection closed
2025-11-18 13:10:56,748 - database - INFO - Database connection established
2025-11-18 13:10:56,750 - database - INFO - Database connection closed
2025-11-18 13:11:01,757 - database - INFO - Database connection established
2025-11-18 13:11:01,758 - database - INFO - Database connection closed
2025-11-18 13:11:06,750 - database - INFO - Database connection established
2025-11-18 13:11:06,752 - database - INFO - Database connection closed
2025-11-18 13:11:11,748 - database - INFO - Database connection established
2025-11-18 13:11:11,750 - database - INFO - Database connection closed
2025-11-18 13:11:16,750 - database - INFO - Database connection established
2025-11-18 13:11:16,752 - database - INFO - Database connection closed
2025-11-18 13:11:19,357 - database - INFO - Database connection established
2025-11-18 13:11:21,076 - database - INFO - Database connection established
2025-11-18 13:11:21,079 - database - INFO - Database connection closed
2025-11-18 13:11:21,082 - database - INFO - Database connection established
2025-11-18 13:11:21,083 - database - INFO - Database connection closed
2025-11-18 13:11:21,751 - database - INFO - Database connection established
2025-11-18 13:11:21,753 - database - INFO - Database connection closed
2025-11-18 13:11:26,752 - database - INFO - Database connection established
2025-11-18 13:11:26,753 - database - INFO - Database connection closed
2025-11-18 13:11:31,759 - database - INFO - Database connection established
2025-11-18 13:11:31,760 - database - INFO - Database connection closed
2025-11-18 13:11:36,759 - database - INFO - Database connection established
2025-11-18 13:11:36,761 - database - INFO - Database connection closed
2025-11-18 13:11:41,759 - database - INFO - Database connection established
2025-11-18 13:11:41,760 - database - INFO - Database connection closed
2025-11-18 13:11:46,769 - database - INFO - Database connection established
2025-11-18 13:11:46,770 - database - INFO - Database connection closed
2025-11-18 13:11:51,760 - database - INFO - Database connection established
2025-11-18 13:11:51,762 - database - INFO - Database connection closed
2025-11-18 13:11:56,772 - database - INFO - Database connection established
2025-11-18 13:11:56,773 - database - INFO - Database connection closed
2025-11-18 13:12:01,764 - database - INFO - Database connection established
2025-11-18 13:12:01,766 - database - INFO - Database connection closed
2025-11-18 13:12:06,771 - database - INFO - Database connection established
2025-11-18 13:12:06,772 - database - INFO - Database connection closed
2025-11-18 13:12:11,766 - database - INFO - Database connection established
2025-11-18 13:12:11,767 - database - INFO - Database connection closed
2025-11-18 13:12:16,765 - database - INFO - Database connection established
2025-11-18 13:12:16,766 - database - INFO - Database connection closed
2025-11-18 13:12:21,765 - database - INFO - Database connection established
2025-11-18 13:12:21,766 - database - INFO - Database connection closed
2025-11-18 13:12:26,761 - database - INFO - Database connection established
2025-11-18 13:12:26,763 - database - INFO - Database connection closed
2025-11-18 13:12:31,769 - database - INFO - Database connection established
2025-11-18 13:12:31,771 - database - INFO - Database connection closed
2025-11-18 13:12:36,767 - database - INFO - Database connection established
2025-11-18 13:12:36,769 - database - INFO - Database connection closed
2025-11-18 13:12:41,765 - database - INFO - Database connection established
2025-11-18 13:12:41,767 - database - INFO - Database connection closed
2025-11-18 13:12:46,762 - database - INFO - Database connection established
2025-11-18 13:12:46,764 - database - INFO - Database connection closed
2025-11-18 13:12:51,760 - database - INFO - Database connection established
2025-11-18 13:12:51,761 - database - INFO - Database connection closed
2025-11-18 13:12:56,770 - database - INFO - Database connection established
2025-11-18 13:12:56,772 - database - INFO - Database connection closed
2025-11-18 13:13:01,765 - database - INFO - Database connection established
2025-11-18 13:13:01,766 - database - INFO - Database connection closed
2025-11-18 13:13:06,761 - database - INFO - Database connection established
2025-11-18 13:13:06,763 - database - INFO - Database connection closed
2025-11-18 13:13:11,762 - database - INFO - Database connection established
2025-11-18 13:13:11,763 - database - INFO - Database connection closed
2025-11-18 13:13:16,763 - database - INFO - Database connection established
2025-11-18 13:13:16,765 - database - INFO - Database connection closed
2025-11-18 13:13:21,767 - database - INFO - Database connection established
2025-11-18 13:13:21,768 - database - INFO - Database connection closed
2025-11-18 13:13:26,768 - database - INFO - Database connection established
2025-11-18 13:13:26,770 - database - INFO - Database connection closed
2025-11-18 13:13:31,770 - database - INFO - Database connection established
2025-11-18 13:13:31,771 - database - INFO - Database connection closed
2025-11-18 13:13:36,767 - database - INFO - Database connection established
2025-11-18 13:13:36,768 - database - INFO - Database connection closed
2025-11-18 13:13:41,769 - database - INFO - Database connection established
2025-11-18 13:13:41,771 - database - INFO - Database connection closed
2025-11-18 13:13:46,762 - database - INFO - Database connection established
2025-11-18 13:13:46,764 - database - INFO - Database connection closed
2025-11-18 13:13:51,766 - database - INFO - Database connection established
2025-11-18 13:13:51,768 - database - INFO - Database connection closed
2025-11-18 13:13:56,760 - database - INFO - Database connection established
2025-11-18 13:13:56,761 - database - INFO - Database connection closed
2025-11-18 13:14:01,768 - database - INFO - Database connection established
2025-11-18 13:14:01,769 - database - INFO - Database connection closed
2025-11-18 13:14:06,767 - database - INFO - Database connection established
2025-11-18 13:14:06,768 - database - INFO - Database connection closed
2025-11-18 13:14:11,764 - database - INFO - Database connection established
2025-11-18 13:14:11,765 - database - INFO - Database connection closed
2025-11-18 13:14:16,771 - database - INFO - Database connection established
2025-11-18 13:14:16,773 - database - INFO - Database connection closed
2025-11-18 13:14:21,762 - database - INFO - Database connection established
2025-11-18 13:14:21,764 - database - INFO - Database connection closed
2025-11-18 13:14:26,768 - database - INFO - Database connection established
2025-11-18 13:14:26,769 - database - INFO - Database connection closed
2025-11-18 13:14:31,767 - database - INFO - Database connection established
2025-11-18 13:14:31,768 - database - INFO - Database connection closed
2025-11-18 13:14:36,761 - database - INFO - Database connection established
2025-11-18 13:14:36,763 - database - INFO - Database connection closed
2025-11-18 13:14:41,771 - database - INFO - Database connection established
2025-11-18 13:14:41,773 - database - INFO - Database connection closed
2025-11-18 13:14:46,771 - database - INFO - Database connection established
2025-11-18 13:14:52,585 - database - INFO - Database connection closed
2025-11-18 13:14:56,763 - database - INFO - Database connection established
2025-11-18 13:14:56,764 - database - INFO - Database connection closed
2025-11-18 13:15:01,763 - database - INFO - Database connection established
2025-11-18 13:15:01,764 - database - INFO - Database connection closed
2025-11-18 13:15:06,760 - database - INFO - Database connection established
2025-11-18 13:15:06,762 - database - INFO - Database connection closed
2025-11-18 13:15:11,772 - database - INFO - Database connection established
2025-11-18 13:15:11,774 - database - INFO - Database connection closed
2025-11-18 13:15:16,771 - database - INFO - Database connection established
2025-11-18 13:15:16,773 - database - INFO - Database connection closed
2025-11-18 13:15:21,761 - database - INFO - Database connection established
2025-11-18 13:15:21,762 - database - INFO - Database connection closed
2025-11-18 13:15:26,766 - database - INFO - Database connection established
2025-11-18 13:15:26,768 - database - INFO - Database connection closed
2025-11-18 13:15:31,769 - database - INFO - Database connection established
2025-11-18 13:15:31,770 - database - INFO - Database connection closed
2025-11-18 13:15:36,759 - database - INFO - Database connection established
2025-11-18 13:15:36,760 - database - INFO - Database connection closed
2025-11-18 13:15:41,774 - database - INFO - Database connection established
2025-11-18 13:15:41,775 - database - INFO - Database connection closed
2025-11-18 13:15:46,789 - database - INFO - Database connection established
2025-11-18 13:15:46,790 - database - INFO - Database connection closed
2025-11-18 13:15:51,774 - database - INFO - Database connection established
2025-11-18 13:15:51,776 - database - INFO - Database connection closed
2025-11-18 13:15:56,777 - database - INFO - Database connection established
2025-11-18 13:15:56,779 - database - INFO - Database connection closed
2025-11-18 13:16:01,786 - database - INFO - Database connection established
2025-11-18 13:16:01,787 - database - INFO - Database connection closed
2025-11-18 13:16:06,785 - database - INFO - Database connection established
2025-11-18 13:16:06,786 - database - INFO - Database connection closed
2025-11-18 13:16:11,785 - database - INFO - Database connection established
2025-11-18 13:16:11,787 - database - INFO - Database connection closed
2025-11-18 13:16:16,784 - database - INFO - Database connection established
2025-11-18 13:16:16,786 - database - INFO - Database connection closed
2025-11-18 13:16:21,789 - database - INFO - Database connection established
2025-11-18 13:16:21,791 - database - INFO - Database connection closed
2025-11-18 13:16:26,787 - database - INFO - Database connection established
2025-11-18 13:16:26,788 - database - INFO - Database connection closed
2025-11-18 13:16:31,779 - database - INFO - Database connection established
2025-11-18 13:16:31,780 - database - INFO - Database connection closed
2025-11-18 13:16:36,784 - database - INFO - Database connection established
2025-11-18 13:16:36,785 - database - INFO - Database connection closed
2025-11-18 13:16:41,786 - database - INFO - Database connection established
2025-11-18 13:16:41,787 - database - INFO - Database connection closed
2025-11-18 13:16:46,784 - database - INFO - Database connection established
2025-11-18 13:16:46,785 - database - INFO - Database connection closed
2025-11-18 13:16:51,785 - database - INFO - Database connection established
2025-11-18 13:16:51,787 - database - INFO - Database connection closed
2025-11-18 13:16:56,783 - database - INFO - Database connection established
2025-11-18 13:16:56,784 - database - INFO - Database connection closed
2025-11-18 13:17:01,777 - database - INFO - Database connection established
2025-11-18 13:17:01,778 - database - INFO - Database connection closed
2025-11-18 13:17:06,782 - database - INFO - Database connection established
2025-11-18 13:17:06,784 - database - INFO - Database connection closed
2025-11-18 13:17:11,781 - database - INFO - Database connection established
2025-11-18 13:17:11,782 - database - INFO - Database connection closed
2025-11-18 13:17:16,776 - database - INFO - Database connection established
2025-11-18 13:17:16,777 - database - INFO - Database connection closed
2025-11-18 13:17:18,445 - database - INFO - Database connection established
2025-11-18 13:17:21,790 - database - INFO - Database connection established
2025-11-18 13:17:21,792 - database - INFO - Database connection closed
2025-11-18 13:17:21,994 - database - INFO - Database connection established
2025-11-18 13:17:21,996 - database - INFO - Database connection closed
2025-11-18 13:17:21,999 - database - INFO - Database connection established
2025-11-18 13:17:22,000 - database - INFO - Database connection closed
2025-11-18 13:17:26,793 - database - INFO - Database connection established
2025-11-18 13:17:26,795 - database - INFO - Database connection closed
2025-11-18 13:17:30,987 - database - INFO - Database connection established
2025-11-18 13:17:30,989 - database - INFO - Database connection closed
2025-11-18 13:17:31,795 - database - INFO - Database connection established
2025-11-18 13:17:31,796 - database - INFO - Database connection closed
2025-11-18 13:17:36,794 - database - INFO - Database connection established
2025-11-18 13:17:36,796 - database - INFO - Database connection closed
2025-11-18 13:17:41,801 - database - INFO - Database connection established
2025-11-18 13:17:41,803 - database - INFO - Database connection closed
2025-11-18 13:17:46,800 - database - INFO - Database connection established
2025-11-18 13:17:46,801 - database - INFO - Database connection closed
2025-11-18 13:17:47,623 - database - INFO - Database connection established
2025-11-18 13:17:47,624 - database - INFO - Database connection closed
2025-11-18 13:17:51,803 - database - INFO - Database connection established
2025-11-18 13:17:51,805 - database - INFO - Database connection closed
2025-11-18 13:17:56,797 - database - INFO - Database connection established
2025-11-18 13:17:56,798 - database - INFO - Database connection closed
2025-11-18 13:18:01,793 - database - INFO - Database connection established
2025-11-18 13:18:01,794 - database - INFO - Database connection closed
2025-11-18 13:18:06,073 - database - INFO - Database connection established
2025-11-18 13:18:06,796 - database - INFO - Database connection established
2025-11-18 13:18:06,797 - database - INFO - Database connection closed
2025-11-18 13:18:11,796 - database - INFO - Database connection established
2025-11-18 13:18:11,798 - database - INFO - Database connection closed
2025-11-18 13:18:14,277 - database - INFO - Database connection established
2025-11-18 13:18:14,278 - database - INFO - Database connection closed
2025-11-18 13:18:16,794 - database - INFO - Database connection established
2025-11-18 13:18:16,796 - database - INFO - Database connection closed
2025-11-18 13:18:21,803 - database - INFO - Database connection established
2025-11-18 13:18:21,804 - database - INFO - Database connection closed
2025-11-18 13:18:26,792 - database - INFO - Database connection established
2025-11-18 13:18:26,794 - database - INFO - Database connection closed
2025-11-18 13:18:31,790 - database - INFO - Database connection established
2025-11-18 13:18:31,791 - database - INFO - Database connection closed
2025-11-18 13:18:36,796 - database - INFO - Database connection established
2025-11-18 13:18:36,798 - database - INFO - Database connection closed
2025-11-18 13:18:41,799 - database - INFO - Database connection established
2025-11-18 13:18:41,800 - database - INFO - Database connection closed
2025-11-18 13:18:46,803 - database - INFO - Database connection established
2025-11-18 13:18:46,804 - database - INFO - Database connection closed
2025-11-18 13:18:49,912 - database - INFO - Database connection established
2025-11-18 13:18:49,914 - database - INFO - Database connection closed
2025-11-18 13:18:51,799 - database - INFO - Database connection established
2025-11-18 13:18:51,801 - database - INFO - Database connection closed
2025-11-18 13:18:56,800 - database - INFO - Database connection established
2025-11-18 13:18:56,802 - database - INFO - Database connection closed
2025-11-18 13:19:01,798 - database - INFO - Database connection established
2025-11-18 13:19:01,799 - database - INFO - Database connection closed
2025-11-18 13:19:06,805 - database - INFO - Database connection established
2025-11-18 13:19:06,807 - database - INFO - Database connection closed
2025-11-18 13:19:11,801 - database - INFO - Database connection established
2025-11-18 13:19:11,803 - database - INFO - Database connection closed
2025-11-18 13:19:14,064 - database - INFO - Database connection established
2025-11-18 13:19:14,068 - database - INFO - Database connection closed
2025-11-18 13:21:21,828 - __main__ - INFO - Starting Water Pump Management System
2025-11-18 13:21:21,872 - __main__ - INFO - Initializing database...
2025-11-18 13:21:21,986 - __main__ - INFO - Database initialized successfully
2025-11-18 13:21:21,986 - __main__ - INFO - Creating main window...
2025-11-18 13:21:43,753 - database - INFO - Database connection established
2025-11-18 13:21:43,760 - database - INFO - Database connection established
2025-11-18 13:21:43,764 - database - INFO - Database connection closed
2025-11-18 13:21:43,771 - database - INFO - Database connection established
2025-11-18 13:21:43,772 - database - INFO - Database connection closed
2025-11-18 13:21:43,779 - database - INFO - Database connection established
2025-11-18 13:21:43,781 - database - INFO - Database connection closed
2025-11-18 13:21:45,175 - database - INFO - Database connection established
2025-11-18 13:21:45,176 - database - INFO - Database connection closed
2025-11-18 13:21:47,685 - database - INFO - Database connection established
2025-11-18 13:21:47,688 - database - INFO - Database connection closed
2025-11-18 13:21:47,709 - database - INFO - Database connection established
2025-11-18 13:21:47,711 - database - INFO - Database connection closed
2025-11-18 13:21:47,744 - database - INFO - Database connection established
2025-11-18 13:21:47,745 - database - INFO - Database connection closed
2025-11-18 13:21:48,247 - database - INFO - Database connection established
2025-11-18 13:21:48,248 - database - INFO - Database connection closed
2025-11-18 13:21:48,250 - database - INFO - Database connection established
2025-11-18 13:21:48,251 - database - INFO - Database connection closed
2025-11-18 13:21:48,315 - database - INFO - Database connection established
2025-11-18 13:21:48,318 - database - INFO - Database connection closed
2025-11-18 13:21:48,789 - database - INFO - Database connection established
2025-11-18 13:21:48,790 - database - INFO - Database connection closed
2025-11-18 13:21:49,737 - __main__ - INFO - Application started successfully
2025-11-18 13:21:53,778 - database - INFO - Database connection established
2025-11-18 13:21:53,780 - database - INFO - Database connection closed
2025-11-18 13:21:58,775 - database - INFO - Database connection established
2025-11-18 13:21:58,776 - database - INFO - Database connection closed
2025-11-18 13:22:03,779 - database - INFO - Database connection established
2025-11-18 13:22:03,780 - database - INFO - Database connection closed
2025-11-18 13:22:08,784 - database - INFO - Database connection established
2025-11-18 13:22:08,786 - database - INFO - Database connection closed
2025-11-18 13:22:13,780 - database - INFO - Database connection established
2025-11-18 13:22:13,782 - database - INFO - Database connection closed
2025-11-18 13:22:16,581 - database - INFO - Database connection established
2025-11-18 13:22:18,067 - database - INFO - Database connection established
2025-11-18 13:22:18,068 - database - INFO - Database connection closed
2025-11-18 13:22:18,789 - database - INFO - Database connection established
2025-11-18 13:22:18,791 - database - INFO - Database connection closed
2025-11-18 13:22:23,774 - database - INFO - Database connection established
2025-11-18 13:22:23,776 - database - INFO - Database connection closed
2025-11-18 13:22:27,115 - database - INFO - Database connection established
2025-11-18 13:22:27,119 - database - INFO - Database connection closed
2025-11-18 13:26:17,638 - __main__ - INFO - Starting Water Pump Management System
2025-11-18 13:26:17,676 - __main__ - INFO - Initializing database...
2025-11-18 13:26:17,741 - __main__ - INFO - Database initialized successfully
2025-11-18 13:26:17,741 - __main__ - INFO - Creating main window...
2025-11-18 13:26:40,449 - database - INFO - Database connection established
2025-11-18 13:26:40,455 - database - INFO - Database connection established
2025-11-18 13:26:40,460 - database - INFO - Database connection closed
2025-11-18 13:26:40,466 - database - INFO - Database connection established
2025-11-18 13:26:40,467 - database - INFO - Database connection closed
2025-11-18 13:26:40,475 - database - INFO - Database connection established
2025-11-18 13:26:40,476 - database - INFO - Database connection closed
2025-11-18 13:26:44,697 - database - INFO - Database connection established
2025-11-18 13:26:44,698 - database - INFO - Database connection closed
2025-11-18 13:26:45,488 - database - INFO - Database connection established
2025-11-18 13:26:45,489 - database - INFO - Database connection closed
2025-11-18 13:26:47,142 - database - INFO - Database connection established
2025-11-18 13:26:47,144 - database - INFO - Database connection closed
2025-11-18 13:26:47,167 - database - INFO - Database connection established
2025-11-18 13:26:47,169 - database - INFO - Database connection closed
2025-11-18 13:26:47,206 - database - INFO - Database connection established
2025-11-18 13:26:47,207 - database - INFO - Database connection closed
2025-11-18 13:26:48,752 - database - INFO - Database connection established
2025-11-18 13:26:48,754 - database - INFO - Database connection closed
2025-11-18 13:26:48,756 - database - INFO - Database connection established
2025-11-18 13:26:48,757 - database - INFO - Database connection closed
2025-11-18 13:26:48,821 - database - INFO - Database connection established
2025-11-18 13:26:48,824 - database - INFO - Database connection closed
2025-11-18 13:26:50,528 - __main__ - INFO - Application started successfully
2025-11-18 13:26:50,671 - database - INFO - Database connection established
2025-11-18 13:26:50,674 - database - INFO - Database connection closed
2025-11-18 13:26:55,485 - database - INFO - Database connection established
2025-11-18 13:26:55,486 - database - INFO - Database connection closed
2025-11-18 13:26:56,571 - database - INFO - Database connection established
2025-11-18 13:26:56,583 - database - INFO - Database connection closed
2025-11-18 13:30:07,280 - __main__ - INFO - Starting Water Pump Management System
2025-11-18 13:30:07,320 - __main__ - INFO - Initializing database...
2025-11-18 13:30:07,378 - __main__ - INFO - Database initialized successfully
2025-11-18 13:30:07,378 - __main__ - INFO - Creating main window...
2025-11-18 13:30:20,872 - database - INFO - Database connection established
2025-11-18 13:30:22,913 - database - INFO - Database connection established
2025-11-18 13:30:22,918 - database - INFO - Database connection closed
2025-11-18 13:30:42,377 - database - INFO - Database connection established
2025-11-18 13:30:42,679 - database - INFO - Database connection established
2025-11-18 13:30:42,694 - database - INFO - Database connection closed
2025-11-18 13:30:42,700 - database - INFO - Database connection established
2025-11-18 13:30:42,701 - database - INFO - Database connection closed
2025-11-18 13:30:42,709 - database - INFO - Database connection established
2025-11-18 13:30:42,710 - database - INFO - Database connection closed
2025-11-18 13:30:45,473 - database - INFO - Database connection established
2025-11-18 13:30:45,474 - database - INFO - Database connection closed
2025-11-18 13:30:47,726 - database - INFO - Database connection established
2025-11-18 13:30:47,727 - database - INFO - Database connection closed
2025-11-18 13:30:51,720 - database - INFO - Database connection established
2025-11-18 13:30:51,722 - database - INFO - Database connection closed
2025-11-18 13:30:51,742 - database - INFO - Database connection established
2025-11-18 13:30:51,743 - database - INFO - Database connection closed
2025-11-18 13:30:51,777 - database - INFO - Database connection established
2025-11-18 13:30:51,778 - database - INFO - Database connection closed
2025-11-18 13:30:51,808 - database - INFO - Database connection established
2025-11-18 13:30:51,809 - database - INFO - Database connection closed
2025-11-18 13:30:51,811 - database - INFO - Database connection established
2025-11-18 13:30:51,812 - database - INFO - Database connection closed
2025-11-18 13:30:51,875 - database - INFO - Database connection established
2025-11-18 13:30:51,878 - database - INFO - Database connection closed
2025-11-18 13:30:52,724 - database - INFO - Database connection established
2025-11-18 13:30:52,725 - database - INFO - Database connection closed
2025-11-18 13:30:53,484 - __main__ - INFO - Application started successfully
2025-11-18 13:30:57,721 - database - INFO - Database connection established
2025-11-18 13:30:57,722 - database - INFO - Database connection closed
2025-11-18 13:31:02,719 - database - INFO - Database connection established
2025-11-18 13:31:02,720 - database - INFO - Database connection closed
2025-11-18 13:31:07,727 - database - INFO - Database connection established
2025-11-18 13:31:07,728 - database - INFO - Database connection closed
2025-11-18 13:31:12,728 - database - INFO - Database connection established
2025-11-18 13:31:12,729 - database - INFO - Database connection closed
2025-11-18 13:31:17,739 - database - INFO - Database connection established
2025-11-18 13:31:17,741 - database - INFO - Database connection closed
2025-11-18 13:31:22,734 - database - INFO - Database connection established
2025-11-18 13:31:22,736 - database - INFO - Database connection closed
2025-11-18 13:31:27,735 - database - INFO - Database connection established
2025-11-18 13:31:27,737 - database - INFO - Database connection closed
2025-11-18 13:31:32,727 - database - INFO - Database connection established
2025-11-18 13:31:32,729 - database - INFO - Database connection closed
2025-11-18 13:31:37,736 - database - INFO - Database connection established
2025-11-18 13:31:37,737 - database - INFO - Database connection closed
2025-11-18 13:31:42,734 - database - INFO - Database connection established
2025-11-18 13:31:42,735 - database - INFO - Database connection closed
2025-11-18 13:31:44,395 - database - INFO - Database connection established
2025-11-18 13:31:47,728 - database - INFO - Database connection established
2025-11-18 13:31:47,729 - database - INFO - Database connection closed
2025-11-18 13:31:52,728 - database - INFO - Database connection established
2025-11-18 13:31:52,729 - database - INFO - Database connection closed
2025-11-18 13:31:57,733 - database - INFO - Database connection established
2025-11-18 13:31:57,735 - database - INFO - Database connection closed
2025-11-18 13:32:02,730 - database - INFO - Database connection established
2025-11-18 13:32:02,732 - database - INFO - Database connection closed
2025-11-18 13:32:07,728 - database - INFO - Database connection established
2025-11-18 13:32:07,730 - database - INFO - Database connection closed
2025-11-18 13:32:12,731 - database - INFO - Database connection established
2025-11-18 13:32:12,733 - database - INFO - Database connection closed
2025-11-18 13:32:17,737 - database - INFO - Database connection established
2025-11-18 13:32:17,739 - database - INFO - Database connection closed
2025-11-18 13:32:22,732 - database - INFO - Database connection established
2025-11-18 13:32:22,733 - database - INFO - Database connection closed
2025-11-18 13:32:27,728 - database - INFO - Database connection established
2025-11-18 13:32:27,730 - database - INFO - Database connection closed
2025-11-18 13:32:32,733 - database - INFO - Database connection established
2025-11-18 13:32:32,734 - database - INFO - Database connection closed
2025-11-18 13:32:37,727 - database - INFO - Database connection established
2025-11-18 13:32:37,729 - database - INFO - Database connection closed
2025-11-18 13:32:42,736 - database - INFO - Database connection established
2025-11-18 13:32:42,737 - database - INFO - Database connection closed
2025-11-18 13:32:47,742 - database - INFO - Database connection established
2025-11-18 13:32:47,744 - database - INFO - Database connection closed
2025-11-18 13:32:52,739 - database - INFO - Database connection established
2025-11-18 13:32:52,741 - database - INFO - Database connection closed
2025-11-18 13:32:57,740 - database - INFO - Database connection established
2025-11-18 13:32:57,741 - database - INFO - Database connection closed
2025-11-18 13:32:59,610 - database - INFO - Database connection established
2025-11-18 13:32:59,611 - database - INFO - Database connection closed
2025-11-18 13:33:02,341 - database - INFO - Database connection established
2025-11-18 13:33:02,342 - database - INFO - Database connection closed
2025-11-18 13:33:02,727 - database - INFO - Database connection established
2025-11-18 13:33:02,728 - database - INFO - Database connection closed
2025-11-18 13:33:07,740 - database - INFO - Database connection established
2025-11-18 13:33:07,742 - database - INFO - Database connection closed
2025-11-18 13:33:08,594 - database - INFO - Database connection established
2025-11-18 13:33:08,595 - database - INFO - Database connection closed
2025-11-18 13:33:12,741 - database - INFO - Database connection established
2025-11-18 13:33:12,742 - database - INFO - Database connection closed
2025-11-18 13:33:17,740 - database - INFO - Database connection established
2025-11-18 13:33:17,741 - database - INFO - Database connection closed
2025-11-18 13:33:22,736 - database - INFO - Database connection established
2025-11-18 13:33:22,737 - database - INFO - Database connection closed
2025-11-18 13:33:27,730 - database - INFO - Database connection established
2025-11-18 13:33:27,731 - database - INFO - Database connection closed
2025-11-18 13:33:30,431 - database - INFO - Database connection established
2025-11-18 13:33:32,735 - database - INFO - Database connection established
2025-11-18 13:33:32,736 - database - INFO - Database connection closed
2025-11-18 13:33:37,728 - database - INFO - Database connection established
2025-11-18 13:33:37,730 - database - INFO - Database connection closed
2025-11-18 13:33:42,733 - database - INFO - Database connection established
2025-11-18 13:33:42,734 - database - INFO - Database connection closed
2025-11-18 13:33:47,742 - database - INFO - Database connection established
2025-11-18 13:33:47,744 - database - INFO - Database connection closed
2025-11-18 13:33:52,735 - database - INFO - Database connection established
2025-11-18 13:33:52,736 - database - INFO - Database connection closed
2025-11-18 13:33:57,729 - database - INFO - Database connection established
2025-11-18 13:33:57,732 - database - INFO - Database connection closed
2025-11-18 13:34:02,733 - database - INFO - Database connection established
2025-11-18 13:34:02,735 - database - INFO - Database connection closed
2025-11-18 13:34:07,741 - database - INFO - Database connection established
2025-11-18 13:34:07,743 - database - INFO - Database connection closed
2025-11-18 13:34:12,736 - database - INFO - Database connection established
2025-11-18 13:34:12,738 - database - INFO - Database connection closed
2025-11-18 13:34:17,741 - database - INFO - Database connection established
2025-11-18 13:34:17,761 - database - INFO - Database connection closed
2025-11-18 13:34:22,740 - database - INFO - Database connection established
2025-11-18 13:34:22,742 - database - INFO - Database connection closed
2025-11-18 13:34:27,730 - database - INFO - Database connection established
2025-11-18 13:34:27,731 - database - INFO - Database connection closed
2025-11-18 13:34:32,732 - database - INFO - Database connection established
2025-11-18 13:34:32,734 - database - INFO - Database connection closed
2025-11-18 13:34:37,730 - database - INFO - Database connection established
2025-11-18 13:34:37,731 - database - INFO - Database connection closed
2025-11-18 13:34:42,729 - database - INFO - Database connection established
2025-11-18 13:34:42,731 - database - INFO - Database connection closed
2025-11-18 13:34:47,727 - database - INFO - Database connection established
2025-11-18 13:34:47,728 - database - INFO - Database connection closed
2025-11-18 13:34:52,736 - database - INFO - Database connection established
2025-11-18 13:34:52,738 - database - INFO - Database connection closed
2025-11-18 13:34:57,740 - database - INFO - Database connection established
2025-11-18 13:34:57,741 - database - INFO - Database connection closed
2025-11-18 13:35:02,728 - database - INFO - Database connection established
2025-11-18 13:35:02,730 - database - INFO - Database connection closed
2025-11-18 13:35:07,730 - database - INFO - Database connection established
2025-11-18 13:35:07,732 - database - INFO - Database connection closed
2025-11-18 13:35:12,727 - database - INFO - Database connection established
2025-11-18 13:35:12,728 - database - INFO - Database connection closed
2025-11-18 13:35:17,736 - database - INFO - Database connection established
2025-11-18 13:35:17,737 - database - INFO - Database connection closed
2025-11-18 13:35:22,739 - database - INFO - Database connection established
2025-11-18 13:35:22,741 - database - INFO - Database connection closed
2025-11-18 13:35:27,733 - database - INFO - Database connection established
2025-11-18 13:35:27,735 - database - INFO - Database connection closed
2025-11-18 13:35:32,730 - database - INFO - Database connection established
2025-11-18 13:35:32,732 - database - INFO - Database connection closed
2025-11-18 13:35:37,742 - database - INFO - Database connection established
2025-11-18 13:35:37,743 - database - INFO - Database connection closed
2025-11-18 13:35:42,728 - database - INFO - Database connection established
2025-11-18 13:35:42,729 - database - INFO - Database connection closed
2025-11-18 13:35:47,736 - database - INFO - Database connection established
2025-11-18 13:35:47,737 - database - INFO - Database connection closed
2025-11-18 13:35:52,742 - database - INFO - Database connection established
2025-11-18 13:35:52,744 - database - INFO - Database connection closed
2025-11-18 13:35:57,758 - database - INFO - Database connection established
2025-11-18 13:35:57,759 - database - INFO - Database connection closed
2025-11-18 13:36:02,750 - database - INFO - Database connection established
2025-11-18 13:36:02,751 - database - INFO - Database connection closed
2025-11-18 13:36:07,758 - database - INFO - Database connection established
2025-11-18 13:36:07,759 - database - INFO - Database connection closed
2025-11-18 13:36:12,747 - database - INFO - Database connection established
2025-11-18 13:36:12,748 - database - INFO - Database connection closed
2025-11-18 13:36:17,753 - database - INFO - Database connection established
2025-11-18 13:36:17,754 - database - INFO - Database connection closed
2025-11-18 13:36:22,748 - database - INFO - Database connection established
2025-11-18 13:36:22,749 - database - INFO - Database connection closed
2025-11-18 13:36:27,745 - database - INFO - Database connection established
2025-11-18 13:36:27,746 - database - INFO - Database connection closed
2025-11-18 13:36:32,745 - database - INFO - Database connection established
2025-11-18 13:36:32,746 - database - INFO - Database connection closed
2025-11-18 13:36:37,758 - database - INFO - Database connection established
2025-11-18 13:36:37,759 - database - INFO - Database connection closed
2025-11-18 13:36:42,744 - database - INFO - Database connection established
2025-11-18 13:36:42,746 - database - INFO - Database connection closed
2025-11-18 13:36:47,743 - database - INFO - Database connection established
2025-11-18 13:36:47,744 - database - INFO - Database connection closed
2025-11-18 13:36:52,751 - database - INFO - Database connection established
2025-11-18 13:36:52,752 - database - INFO - Database connection closed
2025-11-18 13:36:57,749 - database - INFO - Database connection established
2025-11-18 13:36:57,750 - database - INFO - Database connection closed
2025-11-18 13:37:02,747 - database - INFO - Database connection established
2025-11-18 13:37:02,748 - database - INFO - Database connection closed
2025-11-18 13:37:07,742 - database - INFO - Database connection established
2025-11-18 13:37:07,744 - database - INFO - Database connection closed
2025-11-18 13:37:12,758 - database - INFO - Database connection established
2025-11-18 13:37:12,759 - database - INFO - Database connection closed
2025-11-18 13:37:17,754 - database - INFO - Database connection established
2025-11-18 13:37:17,755 - database - INFO - Database connection closed
2025-11-18 13:37:22,749 - database - INFO - Database connection established
2025-11-18 13:37:22,750 - database - INFO - Database connection closed
2025-11-18 13:37:27,753 - database - INFO - Database connection established
2025-11-18 13:37:27,755 - database - INFO - Database connection closed
2025-11-18 13:37:32,746 - database - INFO - Database connection established
2025-11-18 13:37:32,747 - database - INFO - Database connection closed
2025-11-18 13:37:37,754 - database - INFO - Database connection established
2025-11-18 13:37:37,755 - database - INFO - Database connection closed
2025-11-18 13:37:42,751 - database - INFO - Database connection established
2025-11-18 13:37:42,752 - database - INFO - Database connection closed
2025-11-18 13:37:47,749 - database - INFO - Database connection established
2025-11-18 13:37:47,751 - database - INFO - Database connection closed
2025-11-18 13:37:52,756 - database - INFO - Database connection established
2025-11-18 13:37:52,759 - database - INFO - Database connection closed
2025-11-18 13:37:57,756 - database - INFO - Database connection established
2025-11-18 13:37:57,757 - database - INFO - Database connection closed
2025-11-18 13:38:02,744 - database - INFO - Database connection established
2025-11-18 13:38:02,745 - database - INFO - Database connection closed
2025-11-18 13:38:07,743 - database - INFO - Database connection established
2025-11-18 13:38:07,745 - database - INFO - Database connection closed
2025-11-18 13:38:12,756 - database - INFO - Database connection established
2025-11-18 13:38:12,760 - database - INFO - Database connection closed
2025-11-18 13:38:17,757 - database - INFO - Database connection established
2025-11-18 13:38:17,758 - database - INFO - Database connection closed
2025-11-18 13:38:22,753 - database - INFO - Database connection established
2025-11-18 13:38:22,754 - database - INFO - Database connection closed
2025-11-18 13:38:27,753 - database - INFO - Database connection established
2025-11-18 13:38:27,755 - database - INFO - Database connection closed
2025-11-18 13:38:32,748 - database - INFO - Database connection established
2025-11-18 13:38:32,749 - database - INFO - Database connection closed
2025-11-18 13:38:37,743 - database - INFO - Database connection established
2025-11-18 13:38:37,744 - database - INFO - Database connection closed
2025-11-18 13:38:42,751 - database - INFO - Database connection established
2025-11-18 13:38:42,752 - database - INFO - Database connection closed
2025-11-18 13:38:47,745 - database - INFO - Database connection established
2025-11-18 13:38:47,746 - database - INFO - Database connection closed
2025-11-18 13:38:52,757 - database - INFO - Database connection established
2025-11-18 13:38:52,758 - database - INFO - Database connection closed
2025-11-18 13:38:57,749 - database - INFO - Database connection established
2025-11-18 13:38:57,750 - database - INFO - Database connection closed
2025-11-18 13:39:02,746 - database - INFO - Database connection established
2025-11-18 13:39:02,747 - database - INFO - Database connection closed
2025-11-18 13:39:07,758 - database - INFO - Database connection established
2025-11-18 13:39:07,759 - database - INFO - Database connection closed
2025-11-18 13:39:12,771 - database - INFO - Database connection established
2025-11-18 13:39:12,772 - database - INFO - Database connection closed
2025-11-18 13:39:17,762 - database - INFO - Database connection established
2025-11-18 13:39:17,763 - database - INFO - Database connection closed
2025-11-18 13:39:22,763 - database - INFO - Database connection established
2025-11-18 13:39:22,764 - database - INFO - Database connection closed
2025-11-18 13:39:27,773 - database - INFO - Database connection established
2025-11-18 13:39:27,774 - database - INFO - Database connection closed
2025-11-18 13:39:32,758 - database - INFO - Database connection established
2025-11-18 13:39:32,760 - database - INFO - Database connection closed
2025-11-18 13:39:37,772 - database - INFO - Database connection established
2025-11-18 13:39:37,773 - database - INFO - Database connection closed
2025-11-18 13:39:42,759 - database - INFO - Database connection established
2025-11-18 13:39:42,760 - database - INFO - Database connection closed
2025-11-18 13:39:47,766 - database - INFO - Database connection established
2025-11-18 13:39:47,767 - database - INFO - Database connection closed
2025-11-18 13:39:52,770 - database - INFO - Database connection established
2025-11-18 13:39:52,772 - database - INFO - Database connection closed
2025-11-18 13:39:57,762 - database - INFO - Database connection established
2025-11-18 13:39:57,763 - database - INFO - Database connection closed
2025-11-18 13:40:02,770 - database - INFO - Database connection established
2025-11-18 13:40:02,771 - database - INFO - Database connection closed
2025-11-18 13:40:07,767 - database - INFO - Database connection established
2025-11-18 13:40:07,768 - database - INFO - Database connection closed
2025-11-18 13:40:12,771 - database - INFO - Database connection established
2025-11-18 13:40:12,773 - database - INFO - Database connection closed
2025-11-18 13:40:17,773 - database - INFO - Database connection established
2025-11-18 13:40:17,775 - database - INFO - Database connection closed
2025-11-18 13:40:22,771 - database - INFO - Database connection established
2025-11-18 13:40:22,772 - database - INFO - Database connection closed
2025-11-18 13:40:27,762 - database - INFO - Database connection established
2025-11-18 13:40:27,764 - database - INFO - Database connection closed
2025-11-18 13:40:32,764 - database - INFO - Database connection established
2025-11-18 13:40:32,766 - database - INFO - Database connection closed
2025-11-18 13:40:37,768 - database - INFO - Database connection established
2025-11-18 13:40:37,769 - database - INFO - Database connection closed
2025-11-18 13:40:42,768 - database - INFO - Database connection established
2025-11-18 13:40:42,769 - database - INFO - Database connection closed
2025-11-18 13:40:47,769 - database - INFO - Database connection established
2025-11-18 13:40:47,771 - database - INFO - Database connection closed
2025-11-18 13:40:52,768 - database - INFO - Database connection established
2025-11-18 13:40:52,769 - database - INFO - Database connection closed
2025-11-18 13:40:57,760 - database - INFO - Database connection established
2025-11-18 13:40:57,761 - database - INFO - Database connection closed
2025-11-18 13:41:02,762 - database - INFO - Database connection established
2025-11-18 13:41:02,763 - database - INFO - Database connection closed
2025-11-18 13:41:07,760 - database - INFO - Database connection established
2025-11-18 13:41:07,761 - database - INFO - Database connection closed
2025-11-18 13:41:12,762 - database - INFO - Database connection established
2025-11-18 13:41:12,764 - database - INFO - Database connection closed
2025-11-18 13:41:17,768 - database - INFO - Database connection established
2025-11-18 13:41:17,769 - database - INFO - Database connection closed
2025-11-18 13:41:22,758 - database - INFO - Database connection established
2025-11-18 13:41:22,759 - database - INFO - Database connection closed
2025-11-18 13:41:27,760 - database - INFO - Database connection established
2025-11-18 13:41:27,762 - database - INFO - Database connection closed
2025-11-18 13:41:32,763 - database - INFO - Database connection established
2025-11-18 13:41:32,764 - database - INFO - Database connection closed
2025-11-18 13:41:37,764 - database - INFO - Database connection established
2025-11-18 13:41:37,765 - database - INFO - Database connection closed
2025-11-18 13:41:42,774 - database - INFO - Database connection established
2025-11-18 13:41:42,775 - database - INFO - Database connection closed
2025-11-18 13:41:47,770 - database - INFO - Database connection established
2025-11-18 13:41:47,771 - database - INFO - Database connection closed
2025-11-18 13:41:52,758 - database - INFO - Database connection established
2025-11-18 13:41:52,760 - database - INFO - Database connection closed
2025-11-18 13:41:57,772 - database - INFO - Database connection established
2025-11-18 13:41:57,773 - database - INFO - Database connection closed
2025-11-18 13:42:02,766 - database - INFO - Database connection established
2025-11-18 13:42:02,767 - database - INFO - Database connection closed
2025-11-18 13:42:07,770 - database - INFO - Database connection established
2025-11-18 13:42:07,771 - database - INFO - Database connection closed
2025-11-18 13:42:12,761 - database - INFO - Database connection established
2025-11-18 13:42:12,762 - database - INFO - Database connection closed
2025-11-18 13:42:17,772 - database - INFO - Database connection established
2025-11-18 13:42:17,774 - database - INFO - Database connection closed
2025-11-18 13:42:22,764 - database - INFO - Database connection established
2025-11-18 13:42:22,766 - database - INFO - Database connection closed
2025-11-18 13:42:27,760 - database - INFO - Database connection established
2025-11-18 13:42:27,761 - database - INFO - Database connection closed
2025-11-18 13:42:32,772 - database - INFO - Database connection established
2025-11-18 13:42:32,773 - database - INFO - Database connection closed
2025-11-18 13:42:37,769 - database - INFO - Database connection established
2025-11-18 13:42:37,770 - database - INFO - Database connection closed
2025-11-18 13:42:42,767 - database - INFO - Database connection established
2025-11-18 13:42:42,768 - database - INFO - Database connection closed
2025-11-18 13:42:47,767 - database - INFO - Database connection established
2025-11-18 13:42:47,768 - database - INFO - Database connection closed
2025-11-18 13:42:52,773 - database - INFO - Database connection established
2025-11-18 13:42:52,774 - database - INFO - Database connection closed
2025-11-18 13:42:57,768 - database - INFO - Database connection established
2025-11-18 13:42:57,770 - database - INFO - Database connection closed
2025-11-18 13:43:02,769 - database - INFO - Database connection established
2025-11-18 13:43:02,771 - database - INFO - Database connection closed
2025-11-18 13:43:07,769 - database - INFO - Database connection established
2025-11-18 13:43:07,770 - database - INFO - Database connection closed
2025-11-18 13:43:12,771 - database - INFO - Database connection established
2025-11-18 13:43:12,772 - database - INFO - Database connection closed
2025-11-18 13:43:17,770 - database - INFO - Database connection established
2025-11-18 13:43:17,771 - database - INFO - Database connection closed
2025-11-18 13:43:22,764 - database - INFO - Database connection established
2025-11-18 13:43:22,765 - database - INFO - Database connection closed
2025-11-18 13:43:27,767 - database - INFO - Database connection established
2025-11-18 13:43:27,768 - database - INFO - Database connection closed
2025-11-18 13:43:32,766 - database - INFO - Database connection established
2025-11-18 13:43:32,767 - database - INFO - Database connection closed
2025-11-18 13:43:37,771 - database - INFO - Database connection established
2025-11-18 13:43:37,772 - database - INFO - Database connection closed
2025-11-18 13:43:42,759 - database - INFO - Database connection established
2025-11-18 13:43:42,760 - database - INFO - Database connection closed
2025-11-18 13:43:47,766 - database - INFO - Database connection established
2025-11-18 13:43:47,767 - database - INFO - Database connection closed
2025-11-18 13:43:52,770 - database - INFO - Database connection established
2025-11-18 13:43:52,772 - database - INFO - Database connection closed
2025-11-18 13:43:57,766 - database - INFO - Database connection established
2025-11-18 13:43:57,768 - database - INFO - Database connection closed
2025-11-18 13:44:02,774 - database - INFO - Database connection established
2025-11-18 13:44:02,775 - database - INFO - Database connection closed
2025-11-18 13:44:07,765 - database - INFO - Database connection established
2025-11-18 13:44:07,766 - database - INFO - Database connection closed
2025-11-18 13:44:12,761 - database - INFO - Database connection established
2025-11-18 13:44:12,763 - database - INFO - Database connection closed
2025-11-18 13:44:17,766 - database - INFO - Database connection established
2025-11-18 13:44:17,768 - database - INFO - Database connection closed
2025-11-18 13:44:22,769 - database - INFO - Database connection established
2025-11-18 13:44:22,770 - database - INFO - Database connection closed
2025-11-18 13:44:27,770 - database - INFO - Database connection established
2025-11-18 13:44:27,772 - database - INFO - Database connection closed
2025-11-18 13:44:32,769 - database - INFO - Database connection established
2025-11-18 13:44:32,771 - database - INFO - Database connection closed
2025-11-18 13:44:37,765 - database - INFO - Database connection established
2025-11-18 13:44:37,767 - database - INFO - Database connection closed
2025-11-18 13:44:42,769 - database - INFO - Database connection established
2025-11-18 13:44:42,770 - database - INFO - Database connection closed
2025-11-18 13:44:47,770 - database - INFO - Database connection established
2025-11-18 13:44:47,772 - database - INFO - Database connection closed
2025-11-18 13:44:52,761 - database - INFO - Database connection established
2025-11-18 13:44:52,762 - database - INFO - Database connection closed
2025-11-18 13:44:57,761 - database - INFO - Database connection established
2025-11-18 13:44:57,763 - database - INFO - Database connection closed
2025-11-18 13:45:02,769 - database - INFO - Database connection established
2025-11-18 13:45:02,770 - database - INFO - Database connection closed
2025-11-18 13:45:07,767 - database - INFO - Database connection established
2025-11-18 13:45:07,768 - database - INFO - Database connection closed
2025-11-18 13:45:12,770 - database - INFO - Database connection established
2025-11-18 13:45:12,771 - database - INFO - Database connection closed
2025-11-18 13:45:17,762 - database - INFO - Database connection established
2025-11-18 13:45:17,763 - database - INFO - Database connection closed
2025-11-18 13:45:22,759 - database - INFO - Database connection established
2025-11-18 13:45:22,761 - database - INFO - Database connection closed
2025-11-18 13:45:27,761 - database - INFO - Database connection established
2025-11-18 13:45:27,762 - database - INFO - Database connection closed
2025-11-18 13:45:32,765 - database - INFO - Database connection established
2025-11-18 13:45:32,767 - database - INFO - Database connection closed
2025-11-18 13:45:37,774 - database - INFO - Database connection established
2025-11-18 13:45:37,775 - database - INFO - Database connection closed
2025-11-18 13:45:42,761 - database - INFO - Database connection established
2025-11-18 13:45:42,763 - database - INFO - Database connection closed
2025-11-18 13:45:47,771 - database - INFO - Database connection established
2025-11-18 13:45:47,772 - database - INFO - Database connection closed
2025-11-18 13:45:52,763 - database - INFO - Database connection established
2025-11-18 13:45:52,764 - database - INFO - Database connection closed
2025-11-18 13:45:57,767 - database - INFO - Database connection established
2025-11-18 13:45:57,769 - database - INFO - Database connection closed
2025-11-18 13:46:02,773 - database - INFO - Database connection established
2025-11-18 13:46:02,774 - database - INFO - Database connection closed
2025-11-18 13:46:07,766 - database - INFO - Database connection established
2025-11-18 13:46:07,767 - database - INFO - Database connection closed
2025-11-18 13:46:12,767 - database - INFO - Database connection established
2025-11-18 13:46:12,768 - database - INFO - Database connection closed
2025-11-18 13:46:17,774 - database - INFO - Database connection established
2025-11-18 13:46:17,775 - database - INFO - Database connection closed
2025-11-18 13:46:22,788 - database - INFO - Database connection established
2025-11-18 13:46:22,790 - database - INFO - Database connection closed
2025-11-18 13:46:27,787 - database - INFO - Database connection established
2025-11-18 13:46:27,788 - database - INFO - Database connection closed
2025-11-18 13:46:32,777 - database - INFO - Database connection established
2025-11-18 13:46:32,779 - database - INFO - Database connection closed
2025-11-18 13:46:37,786 - database - INFO - Database connection established
2025-11-18 13:46:37,787 - database - INFO - Database connection closed
2025-11-18 13:46:42,782 - database - INFO - Database connection established
2025-11-18 13:46:42,784 - database - INFO - Database connection closed
2025-11-18 13:46:47,781 - database - INFO - Database connection established
2025-11-18 13:46:47,782 - database - INFO - Database connection closed
2025-11-18 13:46:52,787 - database - INFO - Database connection established
2025-11-18 13:46:52,788 - database - INFO - Database connection closed
2025-11-18 13:46:57,788 - database - INFO - Database connection established
2025-11-18 13:46:57,789 - database - INFO - Database connection closed
2025-11-18 13:47:02,786 - database - INFO - Database connection established
2025-11-18 13:47:02,788 - database - INFO - Database connection closed
2025-11-18 13:47:07,780 - database - INFO - Database connection established
2025-11-18 13:47:07,782 - database - INFO - Database connection closed
2025-11-18 13:47:12,783 - database - INFO - Database connection established
2025-11-18 13:47:12,785 - database - INFO - Database connection closed
2025-11-18 13:47:17,776 - database - INFO - Database connection established
2025-11-18 13:47:17,777 - database - INFO - Database connection closed
2025-11-18 13:47:22,789 - database - INFO - Database connection established
2025-11-18 13:47:22,791 - database - INFO - Database connection closed
2025-11-18 13:47:27,779 - database - INFO - Database connection established
2025-11-18 13:47:27,781 - database - INFO - Database connection closed
2025-11-18 13:47:32,786 - database - INFO - Database connection established
2025-11-18 13:47:32,788 - database - INFO - Database connection closed
2025-11-18 13:47:37,779 - database - INFO - Database connection established
2025-11-18 13:47:37,780 - database - INFO - Database connection closed
2025-11-18 13:47:42,780 - database - INFO - Database connection established
2025-11-18 13:47:42,781 - database - INFO - Database connection closed
2025-11-18 13:47:47,789 - database - INFO - Database connection established
2025-11-18 13:47:47,790 - database - INFO - Database connection closed
2025-11-18 13:47:52,777 - database - INFO - Database connection established
2025-11-18 13:47:52,779 - database - INFO - Database connection closed
2025-11-18 13:47:57,778 - database - INFO - Database connection established
2025-11-18 13:47:57,779 - database - INFO - Database connection closed
2025-11-18 13:48:02,782 - database - INFO - Database connection established
2025-11-18 13:48:02,785 - database - INFO - Database connection closed
2025-11-18 13:48:07,780 - database - INFO - Database connection established
2025-11-18 13:48:07,781 - database - INFO - Database connection closed
2025-11-18 13:48:12,787 - database - INFO - Database connection established
2025-11-18 13:48:12,788 - database - INFO - Database connection closed
2025-11-18 13:48:17,775 - database - INFO - Database connection established
2025-11-18 13:48:17,776 - database - INFO - Database connection closed
2025-11-18 13:48:22,781 - database - INFO - Database connection established
2025-11-18 13:48:22,783 - database - INFO - Database connection closed
2025-11-18 13:48:27,783 - database - INFO - Database connection established
2025-11-18 13:48:27,784 - database - INFO - Database connection closed
2025-11-18 13:48:32,778 - database - INFO - Database connection established
2025-11-18 13:48:32,779 - database - INFO - Database connection closed
2025-11-18 13:48:37,788 - database - INFO - Database connection established
2025-11-18 13:48:37,790 - database - INFO - Database connection closed
2025-11-18 13:48:42,779 - database - INFO - Database connection established
2025-11-18 13:48:42,780 - database - INFO - Database connection closed
2025-11-18 13:48:47,779 - database - INFO - Database connection established
2025-11-18 13:48:47,781 - database - INFO - Database connection closed
2025-11-18 13:48:52,782 - database - INFO - Database connection established
2025-11-18 13:48:52,784 - database - INFO - Database connection closed
2025-11-18 13:48:57,783 - database - INFO - Database connection established
2025-11-18 13:48:57,785 - database - INFO - Database connection closed
2025-11-18 13:49:02,783 - database - INFO - Database connection established
2025-11-18 13:49:02,785 - database - INFO - Database connection closed
2025-11-18 13:49:07,774 - database - INFO - Database connection established
2025-11-18 13:49:07,776 - database - INFO - Database connection closed
2025-11-18 13:49:12,775 - database - INFO - Database connection established
2025-11-18 13:49:12,776 - database - INFO - Database connection closed
2025-11-18 13:49:17,778 - database - INFO - Database connection established
2025-11-18 13:49:17,779 - database - INFO - Database connection closed
2025-11-18 13:49:22,780 - database - INFO - Database connection established
2025-11-18 13:49:22,781 - database - INFO - Database connection closed
2025-11-18 13:49:27,775 - database - INFO - Database connection established
2025-11-18 13:49:27,776 - database - INFO - Database connection closed
2025-11-18 13:49:32,776 - database - INFO - Database connection established
2025-11-18 13:49:32,777 - database - INFO - Database connection closed
2025-11-18 13:49:37,774 - database - INFO - Database connection established
2025-11-18 13:49:37,775 - database - INFO - Database connection closed
2025-11-18 13:49:42,774 - database - INFO - Database connection established
2025-11-18 13:49:42,775 - database - INFO - Database connection closed
2025-11-18 13:49:47,779 - database - INFO - Database connection established
2025-11-18 13:49:47,780 - database - INFO - Database connection closed
2025-11-18 13:49:52,783 - database - INFO - Database connection established
2025-11-18 13:49:52,785 - database - INFO - Database connection closed
2025-11-18 13:49:54,124 - database - INFO - Database connection established
2025-11-18 13:49:54,128 - database - INFO - Database connection closed
